{
  "data": {
    "getAllTags": {
      "tags": [
        {
          "tagId": "b8793483-85f8-4f9e-be05-887021b3d704",
          "name": "new tag",
          "displayName": "New Tag",
          "tagType": "simple",
          "createdBy": "michael@ox.security",
          "isOxTag": false
        },
        {
          "tagId": "9502fea7-2507-494a-98fa-138ffced9115",
          "name": "test zohar",
          "displayName": "Test Zohar",
          "tagType": "simple",
          "createdBy": "michael@ox.security",
          "isOxTag": false
        },
        {
          "tagId": "cec543b0-dd86-4c75-b677-b4dcffb5a189",
          "name": "horty",
          "displayName": "HORTY",
          "tagType": "simple",
          "createdBy": "michael@ox.security",
          "isOxTag": false
        },
        {
          "tagId": "ae74ed68-b4d6-4d43-bcd6-a324d98c9ef2",
          "name": "mhghlab",
          "displayName": "MHGHLAB",
          "tagType": "simple",
          "createdBy": "michael@ox.security",
          "isOxTag": false
        },
        {
          "tagId": "77ff6c83-c3c8-4981-8fbc-940cbece1d47",
          "name": "new tag2",
          "displayName": "New Tag2",
          "tagType": "simple",
          "createdBy": "test@ox.security",
          "isOxTag": false
        },
        {
          "tagId": "b031545b-54cd-46d7-97f7-4b2344d08199",
          "name": "zzzzzz",
          "displayName": "zzzzzz",
          "tagType": "simple",
          "createdBy": "test@ox.security",
          "isOxTag": false
        },
        {
          "tagId": "f5b25274-ef75-41b1-8449-996f011f583b",
          "name": "zzzz2zz",
          "displayName": "zzz2zzz",
          "tagType": "simple",
          "createdBy": "test@ox.security",
          "isOxTag": false
        },
        {
          "tagId": "d183fa19-a8dd-4804-afb4-4fce7604df70",
          "name": "michael",
          "displayName": "michael2",
          "tagType": "simple",
          "createdBy": "test@ox.security",
          "isOxTag": false
        },
        {
          "tagId": "9df6b1ad-541e-4735-a634-435f6a8fa934",
          "name": "New Tag",
          "displayName": "New Tag",
          "tagType": "simple",
          "createdBy": "test@ox.security",
          "isOxTag": false
        },
        {
          "tagId": "325d9765-2031-4eb6-8f9a-0e4c431f0384",
          "name": "New Tag2",
          "displayName": "New Tag2",
          "tagType": "simple",
          "createdBy": "test@ox.security",
          "isOxTag": false
        },
        {
          "tagId": "daef9581-b161-454b-a64d-544a0017142a",
          "name": "'New",
          "displayName": "'New",
          "tagType": "simple",
          "createdBy": "test@ox.security",
          "isOxTag": false
        },
        {
          "tagId": "a953539b-9152-4a1e-8ab2-8c74abee0983",
          "name": "New Tag4",
          "displayName": "New Tag4",
          "tagType": "simple",
          "createdBy": "test@ox.security",
          "isOxTag": false
        },
        {
          "tagId": "696a5b54-4d7c-4472-9eba-c3cc4c4a449a",
          "name": "New Tag5",
          "displayName": "New Tag5",
          "tagType": "simple",
          "createdBy": "test@ox.security",
          "isOxTag": false
        },
        {
          "tagId": "54e257b6-8735-4129-91cb-20a51723e7f8",
          "name": "mike1",
          "displayName": "mike1",
          "tagType": "simple",
          "createdBy": "test@ox.security",
          "isOxTag": false
        },
        {
          "tagId": "bb4cb444-66a8-4c47-82c6-728ac137c7f7",
          "name": "mike2",
          "displayName": "mike2",
          "tagType": "simple",
          "createdBy": "test@ox.security",
          "isOxTag": false
        },
        {
          "tagId": "326417a8-cd9d-4cfb-82e3-6a0c690bedba",
          "name": "tagtest",
          "displayName": "tagtest",
          "tagType": "simple",
          "createdBy": "test@ox.security",
          "isOxTag": false
        },
        {
          "tagId": "a22b1a33-c33c-446b-a5e4-3b3b30844430",
          "name": "tagtest123",
          "displayName": "tagtest123",
          "tagType": "simple",
          "createdBy": "test@ox.security",
          "isOxTag": false
        },
        {
          "tagId": "98479137-8f3e-4131-8ef7-6a17423e021d",
          "name": "tagtest456",
          "displayName": "tagtest456",
          "tagType": "simple",
          "createdBy": "test@ox.security",
          "isOxTag": false
        },
        {
          "tagId": "d4325855-c635-41ca-a59a-1917c2b19917",
          "name": "tagtest789",
          "displayName": "tagtest789",
          "tagType": "simple",
          "createdBy": "test@ox.security",
          "isOxTag": false
        },
        {
          "tagId": "758a91d1-35cf-4385-bd90-a186df10d323",
          "name": "tagtest7891",
          "displayName": "tagtest7891",
          "tagType": "simple",
          "createdBy": "test@ox.security",
          "isOxTag": false
        },
        {
          "tagId": "ca61abc4-96e9-498d-8203-b7f3830268e5",
          "name": "tagtest7892",
          "displayName": "tagtest7892",
          "tagType": "simple",
          "createdBy": "test@ox.security",
          "isOxTag": false
        },
        {
          "tagId": "8ece197f-3847-47cb-b4c2-d0492711fb4e",
          "name": "tagtest1111",
          "displayName": "tagtest1111",
          "tagType": "simple",
          "createdBy": "test@ox.security",
          "isOxTag": false
        },
        {
          "tagId": "ef0904ca-7367-44b4-bb3b-d3c5669ec998",
          "name": "New Tag333",
          "displayName": "New Tag333",
          "tagType": "simple",
          "createdBy": "test@ox.security",
          "isOxTag": false
        },
        {
          "tagId": "b57db55a-3d37-4a0c-9c7d-652295f281f2",
          "name": "tagtest1112",
          "displayName": "tagtest1112",
          "tagType": "simple",
          "createdBy": "test@ox.security",
          "isOxTag": false
        },
        {
          "tagId": "b2cdf029-54db-4741-ba7f-81a016437281",
          "name": "tagtest78911",
          "displayName": "tagtest78911",
          "tagType": "simple",
          "createdBy": "test@ox.security",
          "isOxTag": false
        },
        {
          "tagId": "b6e0860c-034a-48d5-9418-02c3eb80bbdd",
          "name": "tagtest11123",
          "displayName": "tagtest11123",
          "tagType": "simple",
          "createdBy": "test@ox.security",
          "isOxTag": false
        },
        {
          "tagId": "fa573cdb-b3e1-4c16-be10-fc000a743cad",
          "name": "neatsun",
          "displayName": "neatsun",
          "tagType": "simple",
          "createdBy": "test@ox.security",
          "isOxTag": false
        },
        {
          "tagId": "16cab914-98bf-4403-929c-6692e2e8e7d4",
          "name": "neatsun2",
          "displayName": "neatsun2",
          "tagType": "simple",
          "createdBy": "api@ox.security",
          "isOxTag": false
        },
        {
          "tagId": "41214171-3157-4b4f-bb6b-af7124d7dc5b",
          "name": "New Tag3333",
          "displayName": "New Tag3333",
          "tagType": "simple",
          "createdBy": "api@ox.security",
          "isOxTag": false
        },
        {
          "tagId": "cc0ef7f3-4274-43cd-9b30-a9af6976c045",
          "name": "New Tag33332",
          "displayName": "New Tag33332",
          "tagType": "simple",
          "createdBy": "api@ox.security",
          "isOxTag": false
        },
        {
          "tagId": "38e23686-d960-46fb-b673-79b82242128d",
          "name": "tagtest99",
          "displayName": "tagtest99",
          "tagType": "simple",
          "createdBy": "api@ox.security",
          "isOxTag": false
        },
        {
          "tagId": "8d3dfd0c-f15c-4523-b640-e336d698450a",
          "name": "newtag123",
          "displayName": "newtag123",
          "tagType": "simple",
          "createdBy": "api@ox.security",
          "isOxTag": false
        },
        {
          "tagId": "c72fe253-6771-4d4c-b6b2-56cd42090ea2",
          "name": "newtag9871",
          "displayName": "newtag9871",
          "tagType": "simple",
          "createdBy": "api@ox.security",
          "isOxTag": false
        },
        {
          "tagId": "e190119d-2de3-42ce-a2a0-cece98f1e9d6",
          "name": "newtag12311",
          "displayName": "newtag12311",
          "tagType": "simple",
          "createdBy": "api@ox.security",
          "isOxTag": false
        },
        {
          "tagId": "2b2804d5-4fa7-46c7-979b-46204053d33a",
          "name": "newtag12312",
          "displayName": "newtag12312",
          "tagType": "simple",
          "createdBy": "api@ox.security",
          "isOxTag": false
        },
        {
          "tagId": "5d6aca77-2b87-4a46-a6d3-aaf27ec0909d",
          "name": "newtag1287",
          "displayName": "newtag1287",
          "tagType": "simple",
          "createdBy": "api@ox.security",
          "isOxTag": false
        },
        {
          "tagId": "24a55f03-67bf-4610-b83a-e328093c79fb",
          "name": "mike",
          "displayName": "mike",
          "tagType": "simple",
          "createdBy": "api@ox.security",
          "isOxTag": false
        },
        {
          "tagId": "ox_tag_1",
          "name": "PII",
          "displayName": "PII",
          "tagType": "simple",
          "createdBy": "support@ox.security",
          "isOxTag": true
        },
        {
          "tagId": "ox_tag_2",
          "name": "Login",
          "displayName": "Login",
          "tagType": "simple",
          "createdBy": "support@ox.security",
          "isOxTag": true
        },
        {
          "tagId": "ox_tag_3",
          "name": "PaymentProcessing",
          "displayName": "Payment",
          "tagType": "simple",
          "createdBy": "support@ox.security",
          "isOxTag": true
        },
        {
          "tagId": "ox_tag_4",
          "name": "MongoDBAtlas",
          "displayName": "MongoDB Atlas",
          "tagType": "simple",
          "createdBy": "support@ox.security",
          "isOxTag": true
        },
        {
          "tagId": "ox_tag_5",
          "name": "MongoDB",
          "displayName": "MongoDB",
          "tagType": "simple",
          "createdBy": "support@ox.security",
          "isOxTag": true
        },
        {
          "tagId": "ox_tag_6",
          "name": "AzureSQLDB",
          "displayName": "Azure SQL DB",
          "tagType": "simple",
          "createdBy": "support@ox.security",
          "isOxTag": true
        },
        {
          "tagId": "ox_tag_7",
          "name": "MSSQL",
          "displayName": "MSSQL",
          "tagType": "simple",
          "createdBy": "support@ox.security",
          "isOxTag": true
        },
        {
          "tagId": "ox_tag_8",
          "name": "PostgreSQL",
          "displayName": "PostgreSQL",
          "tagType": "simple",
          "createdBy": "support@ox.security",
          "isOxTag": true
        },
        {
          "tagId": "ox_tag_9",
          "name": "SnowflakeDB",
          "displayName": "SnowflakeDB",
          "tagType": "simple",
          "createdBy": "support@ox.security",
          "isOxTag": true
        },
        {
          "tagId": "ox_tag_10",
          "name": "OracleDB",
          "displayName": "OracleDB",
          "tagType": "simple",
          "createdBy": "support@ox.security",
          "isOxTag": true
        },
        {
          "tagId": "ox_tag_11",
          "name": "MySQL",
          "displayName": "MySQL",
          "tagType": "simple",
          "createdBy": "support@ox.security",
          "isOxTag": true
        },
        {
          "tagId": "ox_tag_12",
          "name": "InfluxDB",
          "displayName": "InfluxDB",
          "tagType": "simple",
          "createdBy": "support@ox.security",
          "isOxTag": true
        },
        {
          "tagId": "ox_tag_13",
          "name": "Redis",
          "displayName": "Redis",
          "tagType": "simple",
          "createdBy": "support@ox.security",
          "isOxTag": true
        },
        {
          "tagId": "ox_tag_14",
          "name": "Couchbase",
          "displayName": "Couchbase",
          "tagType": "simple",
          "createdBy": "support@ox.security",
          "isOxTag": true
        },
        {
          "tagId": "ox_tag_15",
          "name": "Neo4j",
          "displayName": "Neo4j",
          "tagType": "simple",
          "createdBy": "support@ox.security",
          "isOxTag": true
        },
        {
          "tagId": "ox_tag_16",
          "name": "Flask",
          "displayName": "Flask",
          "tagType": "simple",
          "createdBy": "support@ox.security",
          "isOxTag": true
        },
        {
          "tagId": "ox_tag_17",
          "name": "Django",
          "displayName": "Django",
          "tagType": "simple",
          "createdBy": "support@ox.security",
          "isOxTag": true
        },
        {
          "tagId": "ox_tag_18",
          "name": "Pyramid",
          "displayName": "Pyramid",
          "tagType": "simple",
          "createdBy": "support@ox.security",
          "isOxTag": true
        },
        {
          "tagId": "ox_tag_19",
          "name": "FastAPI",
          "displayName": "FastAPI",
          "tagType": "simple",
          "createdBy": "support@ox.security",
          "isOxTag": true
        },
        {
          "tagId": "ox_tag_20",
          "name": "Bottle",
          "displayName": "Bottle",
          "tagType": "simple",
          "createdBy": "support@ox.security",
          "isOxTag": true
        },
        {
          "tagId": "ox_tag_21",
          "name": "Spring",
          "displayName": "Spring",
          "tagType": "simple",
          "createdBy": "support@ox.security",
          "isOxTag": true
        },
        {
          "tagId": "ox_tag_22",
          "name": "SpringBoot",
          "displayName": "Spring Boot",
          "tagType": "simple",
          "createdBy": "support@ox.security",
          "isOxTag": true
        },
        {
          "tagId": "ox_tag_23",
          "name": "Jakarta",
          "displayName": "Jakarta",
          "tagType": "simple",
          "createdBy": "support@ox.security",
          "isOxTag": true
        },
        {
          "tagId": "ox_tag_24",
          "name": "Play",
          "displayName": "Play",
          "tagType": "simple",
          "createdBy": "support@ox.security",
          "isOxTag": true
        },
        {
          "tagId": "ox_tag_25",
          "name": "Struts",
          "displayName": "Struts",
          "tagType": "simple",
          "createdBy": "support@ox.security",
          "isOxTag": true
        },
        {
          "tagId": "ox_tag_26",
          "name": "Vertx",
          "displayName": "Vertx",
          "tagType": "simple",
          "createdBy": "support@ox.security",
          "isOxTag": true
        },
        {
          "tagId": "ox_tag_27",
          "name": "Ktor",
          "displayName": "Ktor",
          "tagType": "simple",
          "createdBy": "support@ox.security",
          "isOxTag": true
        },
        {
          "tagId": "ox_tag_28",
          "name": "Angular",
          "displayName": "Angular",
          "tagType": "simple",
          "createdBy": "support@ox.security",
          "isOxTag": true
        },
        {
          "tagId": "ox_tag_29",
          "name": "Express.js",
          "displayName": "Express.js",
          "tagType": "simple",
          "createdBy": "support@ox.security",
          "isOxTag": true
        },
        {
          "tagId": "ox_tag_30",
          "name": "React",
          "displayName": "React",
          "tagType": "simple",
          "createdBy": "support@ox.security",
          "isOxTag": true
        },
        {
          "tagId": "ox_tag_31",
          "name": "Next.js",
          "displayName": "Next.js",
          "tagType": "simple",
          "createdBy": "support@ox.security",
          "isOxTag": true
        },
        {
          "tagId": "ox_tag_32",
          "name": "Vue.js",
          "displayName": "Vue.js",
          "tagType": "simple",
          "createdBy": "support@ox.security",
          "isOxTag": true
        },
        {
          "tagId": "ox_tag_33",
          "name": "NestJS",
          "displayName": "NestJS",
          "tagType": "simple",
          "createdBy": "support@ox.security",
          "isOxTag": true
        },
        {
          "tagId": "ox_tag_34",
          "name": "Koa",
          "displayName": "Koa",
          "tagType": "simple",
          "createdBy": "support@ox.security",
          "isOxTag": true
        },
        {
          "tagId": "ox_tag_35",
          "name": "Fastify",
          "displayName": "Fastify",
          "tagType": "simple",
          "createdBy": "support@ox.security",
          "isOxTag": true
        },
        {
          "tagId": "ox_tag_36",
          "name": "Gin",
          "displayName": "Gin",
          "tagType": "simple",
          "createdBy": "support@ox.security",
          "isOxTag": true
        },
        {
          "tagId": "ox_tag_37",
          "name": "Echo",
          "displayName": "Echo",
          "tagType": "simple",
          "createdBy": "support@ox.security",
          "isOxTag": true
        },
        {
          "tagId": "ox_tag_38",
          "name": "Iris",
          "displayName": "Iris",
          "tagType": "simple",
          "createdBy": "support@ox.security",
          "isOxTag": true
        },
        {
          "tagId": "ox_tag_39",
          "name": "Beego",
          "displayName": "Beego",
          "tagType": "simple",
          "createdBy": "support@ox.security",
          "isOxTag": true
        },
        {
          "tagId": "ox_tag_40",
          "name": "Revel",
          "displayName": "Revel",
          "tagType": "simple",
          "createdBy": "support@ox.security",
          "isOxTag": true
        },
        {
          "tagId": "ox_tag_41",
          "name": "Fiber",
          "displayName": "Fiber",
          "tagType": "simple",
          "createdBy": "support@ox.security",
          "isOxTag": true
        },
        {
          "tagId": "ox_tag_42",
          "name": "Jira",
          "displayName": "Jira",
          "tagType": "simple",
          "createdBy": "support@ox.security",
          "isOxTag": true
        },
        {
          "tagId": "ox_tag_43",
          "name": "Slack",
          "displayName": "Slack",
          "tagType": "simple",
          "createdBy": "support@ox.security",
          "isOxTag": true
        },
        {
          "tagId": "ox_tag_44",
          "name": "Datadog",
          "displayName": "Datadog",
          "tagType": "simple",
          "createdBy": "support@ox.security",
          "isOxTag": true
        },
        {
          "tagId": "ox_tag_45",
          "name": "Logz.io",
          "displayName": "Logz.io",
          "tagType": "simple",
          "createdBy": "support@ox.security",
          "isOxTag": true
        },
        {
          "tagId": "ox_tag_46",
          "name": "Codecov",
          "displayName": "Codecov",
          "tagType": "simple",
          "createdBy": "support@ox.security",
          "isOxTag": true
        },
        {
          "tagId": "ox_tag_47",
          "name": "Monday",
          "displayName": "Monday",
          "tagType": "simple",
          "createdBy": "support@ox.security",
          "isOxTag": true
        },
        {
          "tagId": "ox_tag_48",
          "name": "Airtable",
          "displayName": "Airtable",
          "tagType": "simple",
          "createdBy": "support@ox.security",
          "isOxTag": true
        },
        {
          "tagId": "ox_tag_49",
          "name": "Algolia",
          "displayName": "Algolia",
          "tagType": "simple",
          "createdBy": "support@ox.security",
          "isOxTag": true
        },
        {
          "tagId": "ox_tag_50",
          "name": "Notion",
          "displayName": "Notion",
          "tagType": "simple",
          "createdBy": "support@ox.security",
          "isOxTag": true
        },
        {
          "tagId": "ox_tag_51",
          "name": "Zendesk",
          "displayName": "Zendesk",
          "tagType": "simple",
          "createdBy": "support@ox.security",
          "isOxTag": true
        },
        {
          "tagId": "ox_tag_52",
          "name": "Grafana",
          "displayName": "Grafana",
          "tagType": "simple",
          "createdBy": "support@ox.security",
          "isOxTag": true
        },
        {
          "tagId": "ox_tag_53",
          "name": "Heroku",
          "displayName": "Heroku",
          "tagType": "simple",
          "createdBy": "support@ox.security",
          "isOxTag": true
        },
        {
          "tagId": "ox_tag_54",
          "name": "Hubspot",
          "displayName": "Hubspot",
          "tagType": "simple",
          "createdBy": "support@ox.security",
          "isOxTag": true
        },
        {
          "tagId": "ox_tag_55",
          "name": "Mailchimp",
          "displayName": "Mailchimp",
          "tagType": "simple",
          "createdBy": "support@ox.security",
          "isOxTag": true
        },
        {
          "tagId": "ox_tag_56",
          "name": "Mailgun",
          "displayName": "Mailgun",
          "tagType": "simple",
          "createdBy": "support@ox.security",
          "isOxTag": true
        },
        {
          "tagId": "ox_tag_57",
          "name": "Airbrake",
          "displayName": "Airbrake",
          "tagType": "simple",
          "createdBy": "support@ox.security",
          "isOxTag": true
        },
        {
          "tagId": "ox_tag_58",
          "name": "Bitgo",
          "displayName": "Bitgo",
          "tagType": "simple",
          "createdBy": "support@ox.security",
          "isOxTag": true
        },
        {
          "tagId": "ox_tag_59",
          "name": "Consul",
          "displayName": "Consul",
          "tagType": "simple",
          "createdBy": "support@ox.security",
          "isOxTag": true
        },
        {
          "tagId": "ox_tag_60",
          "name": "Crashlytics",
          "displayName": "Crashlytics",
          "tagType": "simple",
          "createdBy": "support@ox.security",
          "isOxTag": true
        },
        {
          "tagId": "ox_tag_61",
          "name": "Equifax",
          "displayName": "Equifax",
          "tagType": "simple",
          "createdBy": "support@ox.security",
          "isOxTag": true
        },
        {
          "tagId": "ox_tag_62",
          "name": "Frontegg",
          "displayName": "Frontegg",
          "tagType": "simple",
          "createdBy": "support@ox.security",
          "isOxTag": true
        },
        {
          "tagId": "ox_tag_63",
          "name": "GoogleMaps",
          "displayName": "GoogleMaps",
          "tagType": "simple",
          "createdBy": "support@ox.security",
          "isOxTag": true
        },
        {
          "tagId": "ox_tag_64",
          "name": "Kanbanize",
          "displayName": "Kanbanize",
          "tagType": "simple",
          "createdBy": "support@ox.security",
          "isOxTag": true
        },
        {
          "tagId": "ox_tag_65",
          "name": "NewRelic",
          "displayName": "NewRelic",
          "tagType": "simple",
          "createdBy": "support@ox.security",
          "isOxTag": true
        },
        {
          "tagId": "ox_tag_66",
          "name": "OpenAI",
          "displayName": "OpenAI",
          "tagType": "simple",
          "createdBy": "support@ox.security",
          "isOxTag": true
        },
        {
          "tagId": "ox_tag_67",
          "name": "OpsGenie",
          "displayName": "OpsGenie",
          "tagType": "simple",
          "createdBy": "support@ox.security",
          "isOxTag": true
        },
        {
          "tagId": "ox_tag_68",
          "name": "ReCaptcha",
          "displayName": "ReCaptcha",
          "tagType": "simple",
          "createdBy": "support@ox.security",
          "isOxTag": true
        },
        {
          "tagId": "ox_tag_69",
          "name": "Sendgrid",
          "displayName": "Sendgrid",
          "tagType": "simple",
          "createdBy": "support@ox.security",
          "isOxTag": true
        },
        {
          "tagId": "ox_tag_70",
          "name": "Xignite",
          "displayName": "Xignite",
          "tagType": "simple",
          "createdBy": "support@ox.security",
          "isOxTag": true
        },
        {
          "tagId": "ox_tag_71",
          "name": "Youtube",
          "displayName": "Youtube",
          "tagType": "simple",
          "createdBy": "support@ox.security",
          "isOxTag": true
        },
        {
          "tagId": "ox_tag_72",
          "name": "Alibaba",
          "displayName": "Alibaba",
          "tagType": "simple",
          "createdBy": "support@ox.security",
          "isOxTag": true
        },
        {
          "tagId": "ox_tag_73",
          "name": "Asana",
          "displayName": "Asana",
          "tagType": "simple",
          "createdBy": "support@ox.security",
          "isOxTag": true
        },
        {
          "tagId": "ox_tag_74",
          "name": "DigitalOcean",
          "displayName": "DigitalOcean",
          "tagType": "simple",
          "createdBy": "support@ox.security",
          "isOxTag": true
        },
        {
          "tagId": "ox_tag_75",
          "name": "Databricks",
          "displayName": "Databricks",
          "tagType": "simple",
          "createdBy": "support@ox.security",
          "isOxTag": true
        },
        {
          "tagId": "ox_tag_76",
          "name": "Twitter",
          "displayName": "Twitter",
          "tagType": "simple",
          "createdBy": "support@ox.security",
          "isOxTag": true
        },
        {
          "tagId": "ox_tag_77",
          "name": "Yandex",
          "displayName": "Yandex",
          "tagType": "simple",
          "createdBy": "support@ox.security",
          "isOxTag": true
        },
        {
          "tagId": "ox_tag_78",
          "name": "Twocaptcha",
          "displayName": "Twocaptcha",
          "tagType": "simple",
          "createdBy": "support@ox.security",
          "isOxTag": true
        },
        {
          "tagId": "ox_tag_79",
          "name": "Squarespace",
          "displayName": "Squarespace",
          "tagType": "simple",
          "createdBy": "support@ox.security",
          "isOxTag": true
        },
        {
          "tagId": "ox_tag_80",
          "name": "Shippo",
          "displayName": "Shippo",
          "tagType": "simple",
          "createdBy": "support@ox.security",
          "isOxTag": true
        },
        {
          "tagId": "ox_tag_81",
          "name": "RapidApi",
          "displayName": "RapidApi",
          "tagType": "simple",
          "createdBy": "support@ox.security",
          "isOxTag": true
        },
        {
          "tagId": "ox_tag_82",
          "name": "Postman",
          "displayName": "Postman",
          "tagType": "simple",
          "createdBy": "support@ox.security",
          "isOxTag": true
        },
        {
          "tagId": "ox_tag_83",
          "name": "Planetscale",
          "displayName": "Planetscale",
          "tagType": "simple",
          "createdBy": "support@ox.security",
          "isOxTag": true
        },
        {
          "tagId": "ox_tag_84",
          "name": "Plaid",
          "displayName": "Plaid",
          "tagType": "simple",
          "createdBy": "support@ox.security",
          "isOxTag": true
        },
        {
          "tagId": "ox_tag_85",
          "name": "Linkedin",
          "displayName": "Linkedin",
          "tagType": "simple",
          "createdBy": "support@ox.security",
          "isOxTag": true
        },
        {
          "tagId": "ox_tag_86",
          "name": "Intercom",
          "displayName": "Intercom",
          "tagType": "simple",
          "createdBy": "support@ox.security",
          "isOxTag": true
        },
        {
          "tagId": "ox_tag_87",
          "name": "Freshbooks",
          "displayName": "Freshbooks",
          "tagType": "simple",
          "createdBy": "support@ox.security",
          "isOxTag": true
        },
        {
          "tagId": "ox_tag_88",
          "name": "Figma",
          "displayName": "Figma",
          "tagType": "simple",
          "createdBy": "support@ox.security",
          "isOxTag": true
        },
        {
          "tagId": "ox_tag_89",
          "name": "Docusign",
          "displayName": "Docusign",
          "tagType": "simple",
          "createdBy": "support@ox.security",
          "isOxTag": true
        },
        {
          "tagId": "ox_tag_90",
          "name": "Dropbox",
          "displayName": "Dropbox",
          "tagType": "simple",
          "createdBy": "support@ox.security",
          "isOxTag": true
        },
        {
          "tagId": "ox_tag_91",
          "name": "Discord",
          "displayName": "Discord",
          "tagType": "simple",
          "createdBy": "support@ox.security",
          "isOxTag": true
        },
        {
          "tagId": "ox_tag_92",
          "name": "Internet Exposed - Indirect",
          "displayName": "Internet Exposed - Indirect",
          "tagType": "simple",
          "createdBy": "support@ox.security",
          "isOxTag": true
        },
        {
          "tagId": "ox_tag_93",
          "name": "Internet Exposed - Direct",
          "displayName": "Internet Exposed - Direct",
          "tagType": "simple",
          "createdBy": "support@ox.security",
          "isOxTag": true
        },
        {
          "tagId": "ox_tag_94",
          "name": "Published Package",
          "displayName": "Published Package",
          "tagType": "simple",
          "createdBy": "support@ox.security",
          "isOxTag": true
        },
        {
          "tagId": "ox_tag_95",
          "name": "Ansible",
          "displayName": "Ansible",
          "tagType": "simple",
          "createdBy": "support@ox.security",
          "isOxTag": true
        },
        {
          "tagId": "ox_tag_96",
          "name": "Chef",
          "displayName": "Chef",
          "tagType": "simple",
          "createdBy": "support@ox.security",
          "isOxTag": true
        },
        {
          "tagId": "ox_tag_97",
          "name": "Puppet",
          "displayName": "Puppet",
          "tagType": "simple",
          "createdBy": "support@ox.security",
          "isOxTag": true
        },
        {
          "tagId": "ox_tag_98",
          "name": "Terraform",
          "displayName": "Terraform",
          "tagType": "simple",
          "createdBy": "support@ox.security",
          "isOxTag": true
        },
        {
          "tagId": "ox_tag_99",
          "name": "CloudFormation",
          "displayName": "Cloud Formation",
          "tagType": "simple",
          "createdBy": "support@ox.security",
          "isOxTag": true
        },
        {
          "tagId": "ox_tag_100",
          "name": "Helm",
          "displayName": "Helm",
          "tagType": "simple",
          "createdBy": "support@ox.security",
          "isOxTag": true
        },
        {
          "tagId": "ox_tag_101",
          "name": "Pulumi",
          "displayName": "Pulumi",
          "tagType": "simple",
          "createdBy": "support@ox.security",
          "isOxTag": true
        },
        {
          "tagId": "ox_tag_102",
          "name": "Argo CD",
          "displayName": "Argo CD",
          "tagType": "simple",
          "createdBy": "support@ox.security",
          "isOxTag": true
        },
        {
          "tagId": "ox_tag_103",
          "name": "Karpenter",
          "displayName": "Karpenter",
          "tagType": "simple",
          "createdBy": "support@ox.security",
          "isOxTag": true
        },
        {
          "tagId": "ox_tag_104",
          "name": "ARN",
          "displayName": "ARN",
          "tagType": "simple",
          "createdBy": "support@ox.security",
          "isOxTag": true
        },
        {
          "tagId": "ox_tag_105",
          "name": "SaltStack",
          "displayName": "SaltStack",
          "tagType": "simple",
          "createdBy": "support@ox.security",
          "isOxTag": true
        }
      ]
    }
  }
}