{
  "data": {
    "getAllTags": {
      "tags": [
        {
          "tagId": "24f28d28-52e7-446c-8c3d-5f7d73aba6b0",
          "name": "UXD_GPC",
          "displayName": "UXD_GPC",
          "tagType": "simple",
          "createdBy": "test@ox.security"
        },
        {
          "tagId": "481e0aca-13c0-41b3-b093-97b50ce33db3",
          "name": "Transaction_Funnel_GPC",
          "displayName": "Transaction_Funnel_GPC",
          "tagType": "simple",
          "createdBy": "test@ox.security"
        },
        {
          "tagId": "55391565-4661-4e82-833b-9bc649a7d592",
          "name": "SupplyChain_GPC",
          "displayName": "SupplyChain_GPC",
          "tagType": "simple",
          "createdBy": "test@ox.security"
        },
        {
          "tagId": "efc410e5-0d33-4c2c-80f8-0ef536f9f009",
          "name": "SRE_GPC",
          "displayName": "SRE_GPC",
          "tagType": "simple",
          "createdBy": "test@ox.security"
        },
        {
          "tagId": "8bfe8e8a-1605-465b-87a0-0e69e7c7b0ff",
          "name": "Search_GPC",
          "displayName": "Search_GPC",
          "tagType": "simple",
          "createdBy": "test@ox.security"
        },
        {
          "tagId": "f8c70691-8abf-415c-8c3a-acc91e1e3653",
          "name": "Pricing_Promotions_GPC",
          "displayName": "Pricing_Promotions_GPC",
          "tagType": "simple",
          "createdBy": "test@ox.security"
        },
        {
          "tagId": "9775514e-3231-4811-9293-bf20c762e6de",
          "name": "Motion_IT",
          "displayName": "Motion_IT",
          "tagType": "simple",
          "createdBy": "test@ox.security"
        },
        {
          "tagId": "db9fa5d6-3250-47ae-a8a1-90b9e00df9bc",
          "name": "Enterprise_Tech_Enablement_GPC",
          "displayName": "Enterprise_Tech_Enablement_GPC",
          "tagType": "simple",
          "createdBy": "test@ox.security"
        },
        {
          "tagId": "1f32a86f-c9d5-4079-ab11-5879895cf134",
          "name": "Digital_GPC",
          "displayName": "Digital_GPC",
          "tagType": "simple",
          "createdBy": "test@ox.security"
        },
        {
          "tagId": "bf837a0f-843d-4c2f-80d6-e5750c8c6b40",
          "name": "Customer_GPC",
          "displayName": "Customer_GPC",
          "tagType": "simple",
          "createdBy": "test@ox.security"
        },
        {
          "tagId": "5f129822-33f2-43f2-8b3d-1e41a1c2b451",
          "name": "Cloud_Gcp_GPC",
          "displayName": "Cloud_Gcp_GPC",
          "tagType": "simple",
          "createdBy": "test@ox.security"
        },
        {
          "tagId": "fac03d37-4904-403e-80ce-0c2a5a4b01d2",
          "name": "Sales_GPC",
          "displayName": "Sales_GPC",
          "tagType": "simple",
          "createdBy": "test@ox.security"
        },
        {
          "tagId": "c4288d08-7d66-4cd7-9a47-e0f6fc2684c3",
          "name": "Genai_Sp_GPC",
          "displayName": "Genai_Sp_GPC",
          "tagType": "simple",
          "createdBy": "test@ox.security"
        },
        {
          "tagId": "f1bf133c-e4af-4494-b2c2-a030a827c6e6",
          "name": "Customer_Integration_GPC",
          "displayName": "Customer_Integration_GPC",
          "tagType": "simple",
          "createdBy": "test@ox.security"
        },
        {
          "tagId": "30767647-4a55-4843-9468-bfedba7c9303",
          "name": "Catalog_GPC",
          "displayName": "Catalog_GPC",
          "tagType": "simple",
          "createdBy": "test@ox.security"
        },
        {
          "tagId": "60c94fc4-9c52-4ae4-ade7-52cc403eca95",
          "name": "Unified_Exp_GPC",
          "displayName": "Unified_Exp_GPC",
          "tagType": "simple",
          "createdBy": "test@ox.security"
        },
        {
          "tagId": "b0b748fb-93d1-444d-b621-9c0dd3530331",
          "name": "Payments_GPC",
          "displayName": "Payments_GPC",
          "tagType": "simple",
          "createdBy": "test@ox.security"
        },
        {
          "tagId": "2c4a7c19-2352-4aac-9047-ac6448d80e3f",
          "name": "Development_UAP",
          "displayName": "Development_UAP",
          "tagType": "simple",
          "createdBy": "test@ox.security"
        },
        {
          "tagId": "27602d62-7f4c-4cdb-bc97-483b4396adfb",
          "name": "Store_Servers_GPC",
          "displayName": "Store_Servers_GPC",
          "tagType": "simple",
          "createdBy": "test@ox.security"
        },
        {
          "tagId": "53082e19-2231-4256-b686-31b9f27b5756",
          "name": "Shipping_Delivery_GPC",
          "displayName": "Shipping_Delivery_GPC",
          "tagType": "simple",
          "createdBy": "test@ox.security"
        },
        {
          "tagId": "af990d51-7a91-402a-9e36-5ec3a9e3b740",
          "name": "Enterprise_Data_Platform_APAC",
          "displayName": "Enterprise_Data_Platform_APAC",
          "tagType": "simple",
          "createdBy": "test@ox.security"
        },
        {
          "tagId": "57cd60e8-3f86-4f7f-9776-5eca6c51b856",
          "name": "Quality_Framework_Components",
          "displayName": "Quality_Framework_Components",
          "tagType": "simple",
          "createdBy": "test@ox.security"
        },
        {
          "tagId": "e2c68d57-c2ea-4c5a-bb26-ac57600ff552",
          "name": "Payments_Pci_Infra_GPC",
          "displayName": "Payments_Pci_Infra_GPC",
          "tagType": "simple",
          "createdBy": "test@ox.security"
        },
        {
          "tagId": "5ba06a02-c610-4f97-9ae4-cc27645958b5",
          "name": "Location_GPC",
          "displayName": "Location_GPC",
          "tagType": "simple",
          "createdBy": "test@ox.security"
        },
        {
          "tagId": "ebc5947d-66e8-4463-8fd8-0f773e22ab64",
          "name": "Inventory_GPC",
          "displayName": "Inventory_GPC",
          "tagType": "simple",
          "createdBy": "test@ox.security"
        },
        {
          "tagId": "b05be1ce-cf6f-4e25-82d0-484be6b99371",
          "name": "HR_GPC",
          "displayName": "HR_GPC",
          "tagType": "simple",
          "createdBy": "test@ox.security"
        },
        {
          "tagId": "990cec24-b324-4707-a8f5-708da1d33883",
          "name": "Enterprise_Data_Platform_GPC",
          "displayName": "Enterprise_Data_Platform_GPC",
          "tagType": "simple",
          "createdBy": "test@ox.security"
        },
        {
          "tagId": "6b17da30-3c63-4306-9845-05c66d7522aa",
          "name": "Network_UAP",
          "displayName": "Network_UAP",
          "tagType": "simple",
          "createdBy": "test@ox.security"
        },
        {
          "tagId": "18362dd6-fed9-42bb-b3d7-5536a59a0b6b",
          "name": "Shop_Management_GPC",
          "displayName": "Shop_Management_GPC",
          "tagType": "simple",
          "createdBy": "test@ox.security"
        },
        {
          "tagId": "27eb13a0-ba31-4196-a144-8b785c683911",
          "name": "Store_Systems_GPC",
          "displayName": "Store_Systems_GPC",
          "tagType": "simple",
          "createdBy": "test@ox.security"
        },
        {
          "tagId": "9e0a9fdf-fd12-479b-b6c7-7f8970c31c9c",
          "name": "Infrastructure_UAP",
          "displayName": "Infrastructure_UAP",
          "tagType": "simple",
          "createdBy": "test@ox.security"
        },
        {
          "tagId": "af8741f0-c489-4321-bb86-2f70017e241d",
          "name": "Enterprise_Analytics_GPC",
          "displayName": "Enterprise_Analytics_GPC",
          "tagType": "simple",
          "createdBy": "test@ox.security"
        },
        {
          "tagId": "2ee57d0a-0ff5-4d7e-bb83-6b2ead529440",
          "name": "SMS_GPC",
          "displayName": "SMS_GPC",
          "tagType": "simple",
          "createdBy": "test@ox.security"
        },
        {
          "tagId": "7b22dd65-8a0e-4784-b585-19c4de5e6e65",
          "name": "Enterprise_Data_Platform_UAP",
          "displayName": "Enterprise_Data_Platform_UAP",
          "tagType": "simple",
          "createdBy": "test@ox.security"
        },
        {
          "tagId": "91377b84-994d-44df-81af-06cddf835daf",
          "name": "Store_Server_UAP",
          "displayName": "Store_Server_UAP",
          "tagType": "simple",
          "createdBy": "test@ox.security"
        },
        {
          "tagId": "385cebf7-fb4a-41cf-813f-d189f456fc1e",
          "name": "Enterprise_Data_Platform_Mot",
          "displayName": "Enterprise_Data_Platform_Mot",
          "tagType": "simple",
          "createdBy": "test@ox.security"
        },
        {
          "tagId": "cc6e8196-26df-467f-ba10-162492073a24",
          "name": "IAM_GPC",
          "displayName": "IAM_GPC",
          "tagType": "simple",
          "createdBy": "test@ox.security"
        },
        {
          "tagId": "36450a17-e982-4a58-963b-8d76ac9ba9f0",
          "name": "Pricing_Data_AIG",
          "displayName": "Pricing_Data_AIG",
          "tagType": "simple",
          "createdBy": "test@ox.security"
        },
        {
          "tagId": "675e4d28-3e7c-4b6c-8386-5dc22349dd03",
          "name": "PlatformAutomation_GPC",
          "displayName": "PlatformAutomation_GPC",
          "tagType": "simple",
          "createdBy": "test@ox.security"
        },
        {
          "tagId": "3b7988db-41f6-4362-afa5-08d126f93e48",
          "name": "Enterprise_Monitoring_GPC",
          "displayName": "Enterprise_Monitoring_GPC",
          "tagType": "simple",
          "createdBy": "test@ox.security"
        },
        {
          "tagId": "f47d0275-61ad-4a0c-b0e4-86afad4d91f3",
          "name": "Customer_Care_Automation",
          "displayName": "Customer_Care_Automation",
          "tagType": "simple",
          "createdBy": "test@ox.security"
        },
        {
          "tagId": "0db1fe1b-fe1b-4896-b664-a486dfa8d853",
          "name": "Security_GPC",
          "displayName": "Security_GPC",
          "tagType": "simple",
          "createdBy": "test@ox.security"
        },
        {
          "tagId": "67b15910-9c25-4d1b-8298-4c90053027c8",
          "name": "Motion_AI22",
          "displayName": "Motion_AI22",
          "tagType": "simple",
          "createdBy": "test@ox.security"
        },
        {
          "tagId": "ox_tag_1",
          "name": "PII",
          "displayName": "PII",
          "tagType": "ox",
          "createdBy": "support@ox.security"
        },
        {
          "tagId": "ox_tag_2",
          "name": "Login",
          "displayName": "Login",
          "tagType": "ox",
          "createdBy": "support@ox.security"
        },
        {
          "tagId": "ox_tag_3",
          "name": "PaymentProcessing",
          "displayName": "Payment",
          "tagType": "ox",
          "createdBy": "support@ox.security"
        },
        {
          "tagId": "ox_tag_4",
          "name": "MongoDBAtlas",
          "displayName": "MongoDB Atlas",
          "tagType": "ox",
          "createdBy": "support@ox.security"
        },
        {
          "tagId": "ox_tag_5",
          "name": "MongoDB",
          "displayName": "MongoDB",
          "tagType": "ox",
          "createdBy": "support@ox.security"
        },
        {
          "tagId": "ox_tag_6",
          "name": "AzureSQLDB",
          "displayName": "Azure SQL DB",
          "tagType": "ox",
          "createdBy": "support@ox.security"
        },
        {
          "tagId": "ox_tag_7",
          "name": "MSSQL",
          "displayName": "MSSQL",
          "tagType": "ox",
          "createdBy": "support@ox.security"
        },
        {
          "tagId": "ox_tag_8",
          "name": "PostgreSQL",
          "displayName": "PostgreSQL",
          "tagType": "ox",
          "createdBy": "support@ox.security"
        },
        {
          "tagId": "ox_tag_9",
          "name": "SnowflakeDB",
          "displayName": "SnowflakeDB",
          "tagType": "ox",
          "createdBy": "support@ox.security"
        },
        {
          "tagId": "ox_tag_10",
          "name": "OracleDB",
          "displayName": "OracleDB",
          "tagType": "ox",
          "createdBy": "support@ox.security"
        },
        {
          "tagId": "ox_tag_11",
          "name": "MySQL",
          "displayName": "MySQL",
          "tagType": "ox",
          "createdBy": "support@ox.security"
        },
        {
          "tagId": "ox_tag_12",
          "name": "InfluxDB",
          "displayName": "InfluxDB",
          "tagType": "ox",
          "createdBy": "support@ox.security"
        },
        {
          "tagId": "ox_tag_13",
          "name": "Redis",
          "displayName": "Redis",
          "tagType": "ox",
          "createdBy": "support@ox.security"
        },
        {
          "tagId": "ox_tag_14",
          "name": "Couchbase",
          "displayName": "Couchbase",
          "tagType": "ox",
          "createdBy": "support@ox.security"
        },
        {
          "tagId": "ox_tag_15",
          "name": "Neo4j",
          "displayName": "Neo4j",
          "tagType": "ox",
          "createdBy": "support@ox.security"
        },
        {
          "tagId": "ox_tag_16",
          "name": "Flask",
          "displayName": "Flask",
          "tagType": "ox",
          "createdBy": "support@ox.security"
        },
        {
          "tagId": "ox_tag_17",
          "name": "Django",
          "displayName": "Django",
          "tagType": "ox",
          "createdBy": "support@ox.security"
        },
        {
          "tagId": "ox_tag_18",
          "name": "Pyramid",
          "displayName": "Pyramid",
          "tagType": "ox",
          "createdBy": "support@ox.security"
        },
        {
          "tagId": "ox_tag_19",
          "name": "FastAPI",
          "displayName": "FastAPI",
          "tagType": "ox",
          "createdBy": "support@ox.security"
        },
        {
          "tagId": "ox_tag_20",
          "name": "Bottle",
          "displayName": "Bottle",
          "tagType": "ox",
          "createdBy": "support@ox.security"
        },
        {
          "tagId": "ox_tag_21",
          "name": "Spring",
          "displayName": "Spring",
          "tagType": "ox",
          "createdBy": "support@ox.security"
        },
        {
          "tagId": "ox_tag_22",
          "name": "SpringBoot",
          "displayName": "Spring Boot",
          "tagType": "ox",
          "createdBy": "support@ox.security"
        },
        {
          "tagId": "ox_tag_23",
          "name": "Jakarta",
          "displayName": "Jakarta",
          "tagType": "ox",
          "createdBy": "support@ox.security"
        },
        {
          "tagId": "ox_tag_24",
          "name": "Play",
          "displayName": "Play",
          "tagType": "ox",
          "createdBy": "support@ox.security"
        },
        {
          "tagId": "ox_tag_25",
          "name": "Struts",
          "displayName": "Struts",
          "tagType": "ox",
          "createdBy": "support@ox.security"
        },
        {
          "tagId": "ox_tag_26",
          "name": "Vertx",
          "displayName": "Vertx",
          "tagType": "ox",
          "createdBy": "support@ox.security"
        },
        {
          "tagId": "ox_tag_27",
          "name": "Ktor",
          "displayName": "Ktor",
          "tagType": "ox",
          "createdBy": "support@ox.security"
        },
        {
          "tagId": "ox_tag_28",
          "name": "Angular",
          "displayName": "Angular",
          "tagType": "ox",
          "createdBy": "support@ox.security"
        },
        {
          "tagId": "ox_tag_29",
          "name": "Express.js",
          "displayName": "Express.js",
          "tagType": "ox",
          "createdBy": "support@ox.security"
        },
        {
          "tagId": "ox_tag_30",
          "name": "React",
          "displayName": "React",
          "tagType": "ox",
          "createdBy": "support@ox.security"
        },
        {
          "tagId": "ox_tag_31",
          "name": "Next.js",
          "displayName": "Next.js",
          "tagType": "ox",
          "createdBy": "support@ox.security"
        },
        {
          "tagId": "ox_tag_32",
          "name": "Vue.js",
          "displayName": "Vue.js",
          "tagType": "ox",
          "createdBy": "support@ox.security"
        },
        {
          "tagId": "ox_tag_33",
          "name": "NestJS",
          "displayName": "NestJS",
          "tagType": "ox",
          "createdBy": "support@ox.security"
        },
        {
          "tagId": "ox_tag_34",
          "name": "Koa",
          "displayName": "Koa",
          "tagType": "ox",
          "createdBy": "support@ox.security"
        },
        {
          "tagId": "ox_tag_35",
          "name": "Fastify",
          "displayName": "Fastify",
          "tagType": "ox",
          "createdBy": "support@ox.security"
        },
        {
          "tagId": "ox_tag_36",
          "name": "Gin",
          "displayName": "Gin",
          "tagType": "ox",
          "createdBy": "support@ox.security"
        },
        {
          "tagId": "ox_tag_37",
          "name": "Echo",
          "displayName": "Echo",
          "tagType": "ox",
          "createdBy": "support@ox.security"
        },
        {
          "tagId": "ox_tag_38",
          "name": "Iris",
          "displayName": "Iris",
          "tagType": "ox",
          "createdBy": "support@ox.security"
        },
        {
          "tagId": "ox_tag_39",
          "name": "Beego",
          "displayName": "Beego",
          "tagType": "ox",
          "createdBy": "support@ox.security"
        },
        {
          "tagId": "ox_tag_40",
          "name": "Revel",
          "displayName": "Revel",
          "tagType": "ox",
          "createdBy": "support@ox.security"
        },
        {
          "tagId": "ox_tag_41",
          "name": "Fiber",
          "displayName": "Fiber",
          "tagType": "ox",
          "createdBy": "support@ox.security"
        },
        {
          "tagId": "ox_tag_42",
          "name": "Jira",
          "displayName": "Jira",
          "tagType": "ox",
          "createdBy": "support@ox.security"
        },
        {
          "tagId": "ox_tag_43",
          "name": "Slack",
          "displayName": "Slack",
          "tagType": "ox",
          "createdBy": "support@ox.security"
        },
        {
          "tagId": "ox_tag_44",
          "name": "Datadog",
          "displayName": "Datadog",
          "tagType": "ox",
          "createdBy": "support@ox.security"
        },
        {
          "tagId": "ox_tag_45",
          "name": "Logz.io",
          "displayName": "Logz.io",
          "tagType": "ox",
          "createdBy": "support@ox.security"
        },
        {
          "tagId": "ox_tag_46",
          "name": "Codecov",
          "displayName": "Codecov",
          "tagType": "ox",
          "createdBy": "support@ox.security"
        },
        {
          "tagId": "ox_tag_47",
          "name": "Monday",
          "displayName": "Monday",
          "tagType": "ox",
          "createdBy": "support@ox.security"
        },
        {
          "tagId": "ox_tag_48",
          "name": "Airtable",
          "displayName": "Airtable",
          "tagType": "ox",
          "createdBy": "support@ox.security"
        },
        {
          "tagId": "ox_tag_49",
          "name": "Algolia",
          "displayName": "Algolia",
          "tagType": "ox",
          "createdBy": "support@ox.security"
        },
        {
          "tagId": "ox_tag_50",
          "name": "Notion",
          "displayName": "Notion",
          "tagType": "ox",
          "createdBy": "support@ox.security"
        },
        {
          "tagId": "ox_tag_51",
          "name": "Zendesk",
          "displayName": "Zendesk",
          "tagType": "ox",
          "createdBy": "support@ox.security"
        },
        {
          "tagId": "ox_tag_52",
          "name": "Grafana",
          "displayName": "Grafana",
          "tagType": "ox",
          "createdBy": "support@ox.security"
        },
        {
          "tagId": "ox_tag_53",
          "name": "Heroku",
          "displayName": "Heroku",
          "tagType": "ox",
          "createdBy": "support@ox.security"
        },
        {
          "tagId": "ox_tag_54",
          "name": "Hubspot",
          "displayName": "Hubspot",
          "tagType": "ox",
          "createdBy": "support@ox.security"
        },
        {
          "tagId": "ox_tag_55",
          "name": "Mailchimp",
          "displayName": "Mailchimp",
          "tagType": "ox",
          "createdBy": "support@ox.security"
        },
        {
          "tagId": "ox_tag_56",
          "name": "Mailgun",
          "displayName": "Mailgun",
          "tagType": "ox",
          "createdBy": "support@ox.security"
        },
        {
          "tagId": "ox_tag_57",
          "name": "Airbrake",
          "displayName": "Airbrake",
          "tagType": "ox",
          "createdBy": "support@ox.security"
        },
        {
          "tagId": "ox_tag_58",
          "name": "Bitgo",
          "displayName": "Bitgo",
          "tagType": "ox",
          "createdBy": "support@ox.security"
        },
        {
          "tagId": "ox_tag_59",
          "name": "Consul",
          "displayName": "Consul",
          "tagType": "ox",
          "createdBy": "support@ox.security"
        },
        {
          "tagId": "ox_tag_60",
          "name": "Crashlytics",
          "displayName": "Crashlytics",
          "tagType": "ox",
          "createdBy": "support@ox.security"
        },
        {
          "tagId": "ox_tag_61",
          "name": "Equifax",
          "displayName": "Equifax",
          "tagType": "ox",
          "createdBy": "support@ox.security"
        },
        {
          "tagId": "ox_tag_62",
          "name": "Frontegg",
          "displayName": "Frontegg",
          "tagType": "ox",
          "createdBy": "support@ox.security"
        },
        {
          "tagId": "ox_tag_63",
          "name": "GoogleMaps",
          "displayName": "GoogleMaps",
          "tagType": "ox",
          "createdBy": "support@ox.security"
        },
        {
          "tagId": "ox_tag_64",
          "name": "Kanbanize",
          "displayName": "Kanbanize",
          "tagType": "ox",
          "createdBy": "support@ox.security"
        },
        {
          "tagId": "ox_tag_65",
          "name": "NewRelic",
          "displayName": "NewRelic",
          "tagType": "ox",
          "createdBy": "support@ox.security"
        },
        {
          "tagId": "ox_tag_66",
          "name": "OpenAI",
          "displayName": "OpenAI",
          "tagType": "ox",
          "createdBy": "support@ox.security"
        },
        {
          "tagId": "ox_tag_67",
          "name": "OpsGenie",
          "displayName": "OpsGenie",
          "tagType": "ox",
          "createdBy": "support@ox.security"
        },
        {
          "tagId": "ox_tag_68",
          "name": "ReCaptcha",
          "displayName": "ReCaptcha",
          "tagType": "ox",
          "createdBy": "support@ox.security"
        },
        {
          "tagId": "ox_tag_69",
          "name": "Sendgrid",
          "displayName": "Sendgrid",
          "tagType": "ox",
          "createdBy": "support@ox.security"
        },
        {
          "tagId": "ox_tag_70",
          "name": "Xignite",
          "displayName": "Xignite",
          "tagType": "ox",
          "createdBy": "support@ox.security"
        },
        {
          "tagId": "ox_tag_71",
          "name": "Youtube",
          "displayName": "Youtube",
          "tagType": "ox",
          "createdBy": "support@ox.security"
        },
        {
          "tagId": "ox_tag_72",
          "name": "Alibaba",
          "displayName": "Alibaba",
          "tagType": "ox",
          "createdBy": "support@ox.security"
        },
        {
          "tagId": "ox_tag_73",
          "name": "Asana",
          "displayName": "Asana",
          "tagType": "ox",
          "createdBy": "support@ox.security"
        },
        {
          "tagId": "ox_tag_74",
          "name": "DigitalOcean",
          "displayName": "DigitalOcean",
          "tagType": "ox",
          "createdBy": "support@ox.security"
        },
        {
          "tagId": "ox_tag_75",
          "name": "Databricks",
          "displayName": "Databricks",
          "tagType": "ox",
          "createdBy": "support@ox.security"
        },
        {
          "tagId": "ox_tag_76",
          "name": "Twitter",
          "displayName": "Twitter",
          "tagType": "ox",
          "createdBy": "support@ox.security"
        },
        {
          "tagId": "ox_tag_77",
          "name": "Yandex",
          "displayName": "Yandex",
          "tagType": "ox",
          "createdBy": "support@ox.security"
        },
        {
          "tagId": "ox_tag_78",
          "name": "Twocaptcha",
          "displayName": "Twocaptcha",
          "tagType": "ox",
          "createdBy": "support@ox.security"
        },
        {
          "tagId": "ox_tag_79",
          "name": "Squarespace",
          "displayName": "Squarespace",
          "tagType": "ox",
          "createdBy": "support@ox.security"
        },
        {
          "tagId": "ox_tag_80",
          "name": "Shippo",
          "displayName": "Shippo",
          "tagType": "ox",
          "createdBy": "support@ox.security"
        },
        {
          "tagId": "ox_tag_81",
          "name": "RapidApi",
          "displayName": "RapidApi",
          "tagType": "ox",
          "createdBy": "support@ox.security"
        },
        {
          "tagId": "ox_tag_82",
          "name": "Postman",
          "displayName": "Postman",
          "tagType": "ox",
          "createdBy": "support@ox.security"
        },
        {
          "tagId": "ox_tag_83",
          "name": "Planetscale",
          "displayName": "Planetscale",
          "tagType": "ox",
          "createdBy": "support@ox.security"
        },
        {
          "tagId": "ox_tag_84",
          "name": "Plaid",
          "displayName": "Plaid",
          "tagType": "ox",
          "createdBy": "support@ox.security"
        },
        {
          "tagId": "ox_tag_85",
          "name": "Linkedin",
          "displayName": "Linkedin",
          "tagType": "ox",
          "createdBy": "support@ox.security"
        },
        {
          "tagId": "ox_tag_86",
          "name": "Intercom",
          "displayName": "Intercom",
          "tagType": "ox",
          "createdBy": "support@ox.security"
        },
        {
          "tagId": "ox_tag_87",
          "name": "Freshbooks",
          "displayName": "Freshbooks",
          "tagType": "ox",
          "createdBy": "support@ox.security"
        },
        {
          "tagId": "ox_tag_88",
          "name": "Figma",
          "displayName": "Figma",
          "tagType": "ox",
          "createdBy": "support@ox.security"
        },
        {
          "tagId": "ox_tag_89",
          "name": "Docusign",
          "displayName": "Docusign",
          "tagType": "ox",
          "createdBy": "support@ox.security"
        },
        {
          "tagId": "ox_tag_90",
          "name": "Dropbox",
          "displayName": "Dropbox",
          "tagType": "ox",
          "createdBy": "support@ox.security"
        },
        {
          "tagId": "ox_tag_91",
          "name": "Discord",
          "displayName": "Discord",
          "tagType": "ox",
          "createdBy": "support@ox.security"
        },
        {
          "tagId": "ox_tag_92",
          "name": "Internet Exposed - Indirect",
          "displayName": "Internet Exposed - Indirect",
          "tagType": "ox",
          "createdBy": "support@ox.security"
        },
        {
          "tagId": "ox_tag_93",
          "name": "Internet Exposed - Direct",
          "displayName": "Internet Exposed - Direct",
          "tagType": "ox",
          "createdBy": "support@ox.security"
        },
        {
          "tagId": "ox_tag_94",
          "name": "Published Package",
          "displayName": "Published Package",
          "tagType": "ox",
          "createdBy": "support@ox.security"
        },
        {
          "tagId": "ox_tag_95",
          "name": "Ansible",
          "displayName": "Ansible",
          "tagType": "ox",
          "createdBy": "support@ox.security"
        },
        {
          "tagId": "ox_tag_96",
          "name": "Chef",
          "displayName": "Chef",
          "tagType": "ox",
          "createdBy": "support@ox.security"
        },
        {
          "tagId": "ox_tag_97",
          "name": "Puppet",
          "displayName": "Puppet",
          "tagType": "ox",
          "createdBy": "support@ox.security"
        },
        {
          "tagId": "ox_tag_98",
          "name": "Terraform",
          "displayName": "Terraform",
          "tagType": "ox",
          "createdBy": "support@ox.security"
        },
        {
          "tagId": "ox_tag_99",
          "name": "CloudFormation",
          "displayName": "Cloud Formation",
          "tagType": "ox",
          "createdBy": "support@ox.security"
        },
        {
          "tagId": "ox_tag_100",
          "name": "Helm",
          "displayName": "Helm",
          "tagType": "ox",
          "createdBy": "support@ox.security"
        },
        {
          "tagId": "ox_tag_101",
          "name": "Pulumi",
          "displayName": "Pulumi",
          "tagType": "ox",
          "createdBy": "support@ox.security"
        },
        {
          "tagId": "ox_tag_102",
          "name": "Argo CD",
          "displayName": "Argo CD",
          "tagType": "ox",
          "createdBy": "support@ox.security"
        },
        {
          "tagId": "ox_tag_103",
          "name": "Karpenter",
          "displayName": "Karpenter",
          "tagType": "ox",
          "createdBy": "support@ox.security"
        },
        {
          "tagId": "ox_tag_104",
          "name": "ARN",
          "displayName": "ARN",
          "tagType": "ox",
          "createdBy": "support@ox.security"
        },
        {
          "tagId": "ox_tag_105",
          "name": "SaltStack",
          "displayName": "SaltStack",
          "tagType": "ox",
          "createdBy": "support@ox.security"
        },
        {
          "tagId": "ox_tag_106",
          "name": "Trello",
          "displayName": "Trello",
          "tagType": "ox",
          "createdBy": "support@ox.security"
        },
        {
          "tagId": "ox_tag_107",
          "name": "Wrike",
          "displayName": "Wrike",
          "tagType": "ox",
          "createdBy": "support@ox.security"
        },
        {
          "tagId": "ox_tag_108",
          "name": "ClickUp",
          "displayName": "ClickUp",
          "tagType": "ox",
          "createdBy": "support@ox.security"
        },
        {
          "tagId": "ox_tag_109",
          "name": "Basecamp",
          "displayName": "Basecamp",
          "tagType": "ox",
          "createdBy": "support@ox.security"
        },
        {
          "tagId": "ox_tag_110",
          "name": "Microsoft Planner",
          "displayName": "Microsoft Planner",
          "tagType": "ox",
          "createdBy": "support@ox.security"
        },
        {
          "tagId": "ox_tag_111",
          "name": "Smartsheet",
          "displayName": "Smartsheet",
          "tagType": "ox",
          "createdBy": "support@ox.security"
        },
        {
          "tagId": "ox_tag_112",
          "name": "Workfront",
          "displayName": "Workfront",
          "tagType": "ox",
          "createdBy": "support@ox.security"
        },
        {
          "tagId": "ox_tag_113",
          "name": "Teamwork",
          "displayName": "Teamwork",
          "tagType": "ox",
          "createdBy": "support@ox.security"
        },
        {
          "tagId": "ox_tag_114",
          "name": "Podio",
          "displayName": "Podio",
          "tagType": "ox",
          "createdBy": "support@ox.security"
        },
        {
          "tagId": "ox_tag_115",
          "name": "Zoho",
          "displayName": "Zoho",
          "tagType": "ox",
          "createdBy": "support@ox.security"
        },
        {
          "tagId": "ox_tag_116",
          "name": "MeisterTask",
          "displayName": "MeisterTask",
          "tagType": "ox",
          "createdBy": "support@ox.security"
        },
        {
          "tagId": "ox_tag_117",
          "name": "Favro",
          "displayName": "Favro",
          "tagType": "ox",
          "createdBy": "support@ox.security"
        },
        {
          "tagId": "ox_tag_118",
          "name": "Todoist Business",
          "displayName": "Todoist Business",
          "tagType": "ox",
          "createdBy": "support@ox.security"
        },
        {
          "tagId": "ox_tag_119",
          "name": "LiquidPlanner",
          "displayName": "LiquidPlanner",
          "tagType": "ox",
          "createdBy": "support@ox.security"
        },
        {
          "tagId": "ox_tag_120",
          "name": "Axosoft",
          "displayName": "Axosoft",
          "tagType": "ox",
          "createdBy": "support@ox.security"
        },
        {
          "tagId": "ox_tag_121",
          "name": "TeamGantt",
          "displayName": "TeamGantt",
          "tagType": "ox",
          "createdBy": "support@ox.security"
        },
        {
          "tagId": "ox_tag_122",
          "name": "Clarizen",
          "displayName": "Clarizen",
          "tagType": "ox",
          "createdBy": "support@ox.security"
        },
        {
          "tagId": "ox_tag_123",
          "name": "Hive",
          "displayName": "Hive",
          "tagType": "ox",
          "createdBy": "support@ox.security"
        },
        {
          "tagId": "ox_tag_124",
          "name": "Redbooth",
          "displayName": "Redbooth",
          "tagType": "ox",
          "createdBy": "support@ox.security"
        },
        {
          "tagId": "ox_tag_125",
          "name": "Bitrix24",
          "displayName": "Bitrix24",
          "tagType": "ox",
          "createdBy": "support@ox.security"
        },
        {
          "tagId": "ox_tag_126",
          "name": "Vagrant",
          "displayName": "Vagrant",
          "tagType": "ox",
          "createdBy": "support@ox.security"
        },
        {
          "tagId": "ox_tag_127",
          "name": "Telegram",
          "displayName": "Telegram",
          "tagType": "ox",
          "createdBy": "support@ox.security"
        },
        {
          "tagId": "ox_tag_128",
          "name": "Promotexter",
          "displayName": "Promotexter",
          "tagType": "ox",
          "createdBy": "support@ox.security"
        },
        {
          "tagId": "ox_tag_129",
          "name": "AWS SageMaker",
          "displayName": "AWS SageMaker",
          "tagType": "ox",
          "createdBy": "support@ox.security"
        },
        {
          "tagId": "ox_tag_130",
          "name": "Hugging Face",
          "displayName": "Hugging Face",
          "tagType": "ox",
          "createdBy": "support@ox.security"
        },
        {
          "tagId": "ox_tag_131",
          "name": "GCP Vertex AI",
          "displayName": "GCP Vertex AI",
          "tagType": "ox",
          "createdBy": "support@ox.security"
        },
        {
          "tagId": "ox_tag_132",
          "name": "Azure OpenAI",
          "displayName": "Azure OpenAI",
          "tagType": "ox",
          "createdBy": "support@ox.security"
        },
        {
          "tagId": "ox_tag_133",
          "name": "SAP HANA",
          "displayName": "SAP HANA",
          "tagType": "ox",
          "createdBy": "support@ox.security"
        },
        {
          "tagId": "ox_tag_134",
          "name": "Alteryx",
          "displayName": "Alteryx",
          "tagType": "ox",
          "createdBy": "support@ox.security"
        },
        {
          "tagId": "ox_tag_135",
          "name": "Union.ai",
          "displayName": "Union.ai",
          "tagType": "ox",
          "createdBy": "support@ox.security"
        },
        {
          "tagId": "ox_tag_136",
          "name": "Dialogflow",
          "displayName": "Dialogflow",
          "tagType": "ox",
          "createdBy": "support@ox.security"
        },
        {
          "tagId": "ox_tag_137",
          "name": "ClearML",
          "displayName": "ClearML",
          "tagType": "ox",
          "createdBy": "support@ox.security"
        },
        {
          "tagId": "ox_tag_138",
          "name": "Deep Infra",
          "displayName": "Deep Infra",
          "tagType": "ox",
          "createdBy": "support@ox.security"
        },
        {
          "tagId": "ox_tag_139",
          "name": "Anyscale",
          "displayName": "Anyscale",
          "tagType": "ox",
          "createdBy": "support@ox.security"
        },
        {
          "tagId": "ox_tag_140",
          "name": "cnvrg.io",
          "displayName": "cnvrg.io",
          "tagType": "ox",
          "createdBy": "support@ox.security"
        },
        {
          "tagId": "ox_tag_141",
          "name": "IBM Watsonx",
          "displayName": "IBM Watsonx",
          "tagType": "ox",
          "createdBy": "support@ox.security"
        },
        {
          "tagId": "ox_tag_142",
          "name": "Salesforce Einstein AI",
          "displayName": "Salesforce Einstein AI",
          "tagType": "ox",
          "createdBy": "support@ox.security"
        },
        {
          "tagId": "ox_tag_143",
          "name": "NVIDIA Omniverse",
          "displayName": "NVIDIA Omniverse",
          "tagType": "ox",
          "createdBy": "support@ox.security"
        },
        {
          "tagId": "ox_tag_144",
          "name": "NVIDIA AI Platform",
          "displayName": "NVIDIA AI Platform",
          "tagType": "ox",
          "createdBy": "support@ox.security"
        },
        {
          "tagId": "ox_tag_145",
          "name": "Hyperstack",
          "displayName": "Hyperstack",
          "tagType": "ox",
          "createdBy": "support@ox.security"
        },
        {
          "tagId": "ox_tag_146",
          "name": "RunPod",
          "displayName": "RunPod",
          "tagType": "ox",
          "createdBy": "support@ox.security"
        },
        {
          "tagId": "ox_tag_147",
          "name": "Vast.ai",
          "displayName": "Vast.ai",
          "tagType": "ox",
          "createdBy": "support@ox.security"
        },
        {
          "tagId": "ox_tag_148",
          "name": "Aporia",
          "displayName": "Aporia",
          "tagType": "ox",
          "createdBy": "support@ox.security"
        },
        {
          "tagId": "ox_tag_149",
          "name": "Speechmatics",
          "displayName": "Speechmatics",
          "tagType": "ox",
          "createdBy": "support@ox.security"
        },
        {
          "tagId": "ox_tag_150",
          "name": "Klu",
          "displayName": "Klu",
          "tagType": "ox",
          "createdBy": "support@ox.security"
        },
        {
          "tagId": "ox_tag_151",
          "name": "Oblivus",
          "displayName": "Oblivus",
          "tagType": "ox",
          "createdBy": "support@ox.security"
        },
        {
          "tagId": "ox_tag_152",
          "name": "GraphQL",
          "displayName": "GraphQL",
          "tagType": "ox",
          "createdBy": "support@ox.security"
        },
        {
          "tagId": "ox_tag_153",
          "name": "Dockerfile",
          "displayName": "Dockerfile",
          "tagType": "ox",
          "createdBy": "support@ox.security"
        },
        {
          "tagId": "ox_tag_154",
          "name": "Private repo",
          "displayName": "Private repo",
          "tagType": "ox",
          "createdBy": "support@ox.security"
        },
        {
          "tagId": "ox_tag_155",
          "name": "Public repo",
          "displayName": "Public repo",
          "tagType": "ox",
          "createdBy": "support@ox.security"
        },
        {
          "tagId": "ox_tag_156",
          "name": "Monorepo parent",
          "displayName": "Monorepo parent",
          "tagType": "ox",
          "createdBy": "support@ox.security"
        },
        {
          "tagId": "ox_tag_157",
          "name": "Monorepo child",
          "displayName": "Monorepo child",
          "tagType": "ox",
          "createdBy": "support@ox.security"
        },
        {
          "tagId": "ox_tag_158",
          "name": "Container image",
          "displayName": "Container image",
          "tagType": "ox",
          "createdBy": "support@ox.security"
        },
        {
          "tagId": "ox_tag_159",
          "name": "Cloud Account",
          "displayName": "Cloud Account",
          "tagType": "ox",
          "createdBy": "support@ox.security"
        },
        {
          "tagId": "ox_tag_160",
          "name": "Container Registry",
          "displayName": "Container Registry",
          "tagType": "ox",
          "createdBy": "support@ox.security"
        },
        {
          "tagId": "ox_tag_161",
          "name": "Project - Security Integration",
          "displayName": "Project - Security Integration",
          "tagType": "ox",
          "createdBy": "support@ox.security"
        },
        {
          "tagId": "ox_tag_162",
          "name": "Source Control Manager Settings",
          "displayName": "Source Control Manager Settings",
          "tagType": "ox",
          "createdBy": "support@ox.security"
        },
        {
          "tagId": "ox_tag_163",
          "name": "Source Control Manager Users",
          "displayName": "Source Control Manager Users",
          "tagType": "ox",
          "createdBy": "support@ox.security"
        },
        {
          "tagId": "ox_tag_164",
          "name": "Custom - Security Integration",
          "displayName": "Custom - Security Integration",
          "tagType": "ox",
          "createdBy": "support@ox.security"
        },
        {
          "tagId": "ox_tag_165",
          "name": "Deployed To Cloud",
          "displayName": "Deployed To Cloud",
          "tagType": "ox",
          "createdBy": "support@ox.security"
        },
        {
          "tagId": "ox_tag_166",
          "name": "Sisense",
          "displayName": "Sisense",
          "tagType": "ox",
          "createdBy": "support@ox.security"
        },
        {
          "tagId": "ox_tag_167",
          "name": "Docker Compose",
          "displayName": "Docker Compose",
          "tagType": "ox",
          "createdBy": "support@ox.security"
        },
        {
          "tagId": "ox_tag_168",
          "name": "Postmark",
          "displayName": "Postmark",
          "tagType": "ox",
          "createdBy": "support@ox.security"
        },
        {
          "tagId": "ox_tag_169",
          "name": "Polyfill",
          "displayName": "Polyfill",
          "tagType": "ox",
          "createdBy": "support@ox.security"
        },
        {
          "tagId": "ox_tag_170",
          "name": "Microsoft.AspNetCore.Mvc",
          "displayName": "Microsoft.AspNetCore.Mvc",
          "tagType": "ox",
          "createdBy": "support@ox.security"
        }
      ]
    }
  }
}