{
  "data": {
    "getConnectorsByFamily": [
      {
        "family": "SourceControl",
        "familyDisplayName": "Source Control",
        "connectors": [
          {
            "connector": {
              "id": "1",
              "name": "GitHub",
              "displayName": "GitHub",
              "description": "GitHub, Inc. is a provider of Internet hosting for software development and version control using Git. It offers the distributed version control and source code management functionality of Git, plus its own features",
              "isConfigured": false,
              "credentialsTypes": [
                "GitHubApp",
                "IdentityProvider",
                "Token"
              ]
            }
          },
          {
            "connector": {
              "id": "2",
              "name": "GitLab",
              "displayName": "GitLab",
              "description": "GitLab is a web-based DevOps lifecycle tool that provides a Git repository manager providing wiki, issue-tracking and continuous integration and deployment pipeline features, using an open-source license, developed by GitLab Inc",
              "isConfigured": false,
              "credentialsTypes": [
                "IdentityProvider",
                "Token"
              ]
            }
          },
          {
            "connector": {
              "id": "3",
              "name": "Bitbucket",
              "displayName": "Bitbucket Cloud",
              "description": "Bitbucket is a Git-based source code repository hosting service owned by Atlassian. Bitbucket offers both commercial plans and free accounts with an unlimited number of private repositories.",
              "isConfigured": false,
              "credentialsTypes": [
                "BitbucketApp",
                "IdentityProvider",
                "UserPassword"
              ]
            }
          },
          {
            "connector": {
              "id": "5",
              "name": "Bitbucket stash",
              "displayName": "Bitbucket Data Center / Server",
              "description": "Bitbucket Data Center is a self-managed enterprise-grade Git version control solution provided by Atlassian. Bitbucket Server is now deprecated, and it is recommended to upgrade to Bitbucket Data Center.",
              "isConfigured": true,
              "credentialsTypes": [
                "UserPassword",
                "Token"
              ]
            }
          },
          {
            "connector": {
              "id": "12",
              "name": "Azure",
              "displayName": "Azure Repos",
              "description": "Azure Repos is a set of version control tools that you can use to manage your code. Azure Repos provides two types of version control: 1. Git: distributed version control. 2. Team Foundation Version Control (TFVC): centralized version control",
              "isConfigured": false,
              "credentialsTypes": [
                "IdentityProvider",
                "Token"
              ]
            }
          },
          {
            "connector": {
              "id": "102",
              "name": "Azure TFS",
              "displayName": "Azure TFS",
              "description": "Team Foundation Server (TFS) 2018 is a version of Microsoft's collaboration platform for development teams. It provides source control, agile project management, continuous integration and deployment, and various tools for testing and release management. TFS integrates with Visual Studio, Office and other Microsoft tools, and supports a variety of programming languages and platforms. It is primarily used by software development teams as a single system for managing the entire development process from planning to deployment.",
              "isConfigured": false,
              "credentialsTypes": null
            }
          },
          {
            "connector": {
              "id": "105",
              "name": "Gerrit",
              "displayName": "Gerrit Code Review",
              "description": "Gerrit is a free, web-based team code collaboration tool. Software developers in a team can review each other's modifications on their source code using a Web browser and approve or reject those changes. It integrates closely with Git, a distributed version control system.",
              "isConfigured": false,
              "credentialsTypes": [
                "UserPassword"
              ]
            }
          },
          {
            "connector": {
              "id": "108",
              "name": "AWS CodeCommit",
              "displayName": "AWS CodeCommit",
              "description": "Amazon CodeCommit is a fully-managed source control service that hosts secure Git-based repositories.",
              "isConfigured": false,
              "credentialsTypes": [
                "UserPasswordOnly",
                "AWSAssumeRoleCodeCommit",
                "AWSAssumeRoleCodeCommitOrganization"
              ]
            }
          }
        ]
      },
      {
        "family": "CodeSecurity",
        "familyDisplayName": "Code Security (Static Analysis)",
        "connectors": [
          {
            "connector": {
              "id": "7",
              "name": "Bandit",
              "displayName": "Bandit",
              "description": "Bandit is a tool designed to find common security issues in Python code. To do this Bandit processes each file, builds an AST from it, and runs appropriate plugins against the AST nodes. Once Bandit has finished scanning all the files it generates a report.",
              "isConfigured": true,
              "credentialsTypes": null
            }
          },
          {
            "connector": {
              "id": "8",
              "name": "DevSkim",
              "displayName": "DevSkim",
              "description": "DevSkim is a framework of IDE extensions and language analyzers that provide inline security analysis in the dev environment as the developer writes code. It has a flexible rule model that supports multiple programming languages.",
              "isConfigured": true,
              "credentialsTypes": null
            }
          },
          {
            "connector": {
              "id": "19",
              "name": "Semgrep",
              "displayName": "Semgrep",
              "description": "Semgrep is a fast, open-source, static analysis tool for finding bugs and enforcing code standards at editor, commit, and CI time.",
              "isConfigured": true,
              "credentialsTypes": null
            }
          },
          {
            "connector": {
              "id": "24",
              "name": "Checkmarx-SAST",
              "displayName": "Checkmarx SAST",
              "description": "Checkmarx SAST (CxSAST) is an enterprise-grade flexible and accurate static analysis solution used to identify hundreds of security vulnerabilities in custom code.",
              "isConfigured": false,
              "credentialsTypes": null
            }
          },
          {
            "connector": {
              "id": "116",
              "name": "Coverity",
              "displayName": "Coverity",
              "description": "Coverity is a proprietary static code analysis tool from Synopsys. This product enables engineers and security teams to find and fix software defects.",
              "isConfigured": false,
              "credentialsTypes": null
            }
          },
          {
            "connector": {
              "id": "126",
              "name": "Fortify-SAST",
              "displayName": "Fortify On Demand",
              "description": "Fortify SAST tools analyze the source code of an application or software project. They scan the code to identify potential security vulnerabilities, coding errors, and other issues that could lead to security breaches.",
              "isConfigured": null,
              "credentialsTypes": null
            }
          },
          {
            "connector": {
              "id": "139",
              "name": "Fortify-SSC-SAST",
              "displayName": "Fortify Software Security Center",
              "description": "Fortify Software Security Center by OpenText enhances software security through centralized management of vulnerabilities and integration with the SDLC. It encourages collaboration between development and security teams and supports seamless implementation with existing tools, streamlining the process of securing software applications.",
              "isConfigured": false,
              "credentialsTypes": null
            }
          },
          {
            "connector": {
              "id": "117",
              "name": "GitHub SAST",
              "displayName": "GitHub SAST",
              "description": "GitHub SAST, or Static Application Security Testing integrated into GitHub, is a security analysis process that automatically scans source code within GitHub repositories to detect and report potential security vulnerabilities, helping developers identify and mitigate security risks during the development workflow. It provides real-time feedback on security issues, aiding in early vulnerability remediation and secure code development.",
              "isConfigured": false,
              "credentialsTypes": null
            }
          },
          {
            "connector": {
              "id": "112",
              "name": "GitLab SAST",
              "displayName": "GitLab SAST",
              "description": "GitLab SAST is one of the security tools available in the GitLab Security Center. It is designed to analyze your application's source code for potential security vulnerabilities without actually executing the code. SAST is commonly used in the early stages of the development process to identify security issues at the code level. You must have GitLab Ultimate to use this feature.",
              "isConfigured": false,
              "credentialsTypes": null
            }
          },
          {
            "connector": {
              "id": "124",
              "name": "HCL-SAST",
              "displayName": "HCL AppScan",
              "description": "HCL AppScan is a family of application security testing and vulnerability management tools developed by HCLTech. These tools are designed to help organizations identify and address security vulnerabilities in their web applications and mobile applications.",
              "isConfigured": false,
              "credentialsTypes": null
            }
          },
          {
            "connector": {
              "id": "115",
              "name": "Klocwork",
              "displayName": "Klocwork",
              "description": "Klocwork is a static code analysis tool owned by Minneapolis, Minnesota-based software developer Perforce. Klocwork software analyzes source code in real time, simplifies peer code reviews, and extends the life of complex software.",
              "isConfigured": false,
              "credentialsTypes": null
            }
          },
          {
            "connector": {
              "id": "135",
              "name": "Semgrep CLI",
              "displayName": "Semgrep CLI",
              "description": "Semgrep is a fast, open-source, static analysis tool for finding bugs and enforcing code standards at editor, commit, and CI time.",
              "isConfigured": false,
              "credentialsTypes": null
            }
          },
          {
            "connector": {
              "id": "132",
              "name": "Semgrep-API-SAST",
              "displayName": "Semgrep Enterprise",
              "description": "Semgrep Cloud Platform provides an API that enables you to list deployments, gather findings created by Semgrep Cloud Platform, and list projects. The API documentation uses the OpenAPI format. The API requires a Team or Enterprise tier account, with the subsequent API token provisioned in your settings.",
              "isConfigured": false,
              "credentialsTypes": null
            }
          },
          {
            "connector": {
              "id": "83",
              "name": "Snyk-sast",
              "displayName": "Snyk",
              "description": "Snyk is an open source security platform for finding out vulnerabilities in source code of an application. This works effectively in containerised applications as well. Just like an antivirus scans your device and finds out the threats ,in the same way it scans your source code and provides vulnerabilities.",
              "isConfigured": null,
              "credentialsTypes": null
            }
          },
          {
            "connector": {
              "id": "31",
              "name": "Sonarqube",
              "displayName": "Sonarqube",
              "description": "SonarQube is a Code Quality Assurance tool that collects and analyzes source code, and provides reports for the code quality of your project. It combines static and dynamic analysis tools and enables quality to be measured continually over time.",
              "isConfigured": false,
              "credentialsTypes": null
            }
          },
          {
            "connector": {
              "id": "25",
              "name": "Veracode",
              "displayName": "Veracode",
              "description": "Veracode performs both dynamic (automated penetration test) and static (automated code review) code analysis and finds security vulnerabilities that include malicious code as well as the absence of functionality that may lead to security breaches.",
              "isConfigured": false,
              "credentialsTypes": null
            }
          }
        ]
      },
      {
        "family": "SecretScan",
        "familyDisplayName": "Secret/PII Scan",
        "connectors": [
          {
            "connector": {
              "id": "6",
              "name": "GitLeaks",
              "displayName": "GitLeaks",
              "description": "Gitleaks is a SAST tool for detecting hardcoded secrets like passwords, api keys, and tokens in git repos.",
              "isConfigured": true,
              "credentialsTypes": null
            }
          },
          {
            "connector": {
              "id": "130",
              "name": "Fortify-Secrets",
              "displayName": "Fortify On Demand",
              "description": "Fortify tools analyze the source code of an application or software project. They scan the code to identify potential security vulnerabilities, coding errors, and other issues that could lead to security breaches.",
              "isConfigured": false,
              "credentialsTypes": null
            }
          },
          {
            "connector": {
              "id": "138",
              "name": "Fortify-SSC-Secrets",
              "displayName": "Fortify Software Security Center",
              "description": "Fortify Software Security Center by OpenText enhances software security through centralized management of vulnerabilities and integration with the SDLC. It encourages collaboration between development and security teams and supports seamless implementation with existing tools, streamlining the process of securing software applications.",
              "isConfigured": null,
              "credentialsTypes": null
            }
          },
          {
            "connector": {
              "id": "118",
              "name": "GitHub Secret Detection",
              "displayName": "GitHub Secret Detection",
              "description": "GitHub Secret Detection is a security feature integrated into the GitHub platform that automatically scans code repositories for sensitive information like API keys, passwords, and authentication tokens. By identifying and alerting developers to exposed secrets, it helps prevent inadvertent data breaches and reinforces best practices for securely managing confidential information in codebases.",
              "isConfigured": false,
              "credentialsTypes": null
            }
          },
          {
            "connector": {
              "id": "111",
              "name": "GitLab Secret Detection",
              "displayName": "GitLab Secret Detection",
              "description": "GitLab Secret Detection is a security feature offered by GitLab to help identify and prevent the accidental exposure of sensitive information, such as passwords, API keys, access tokens, and other credentials, within your GitLab repositories. These sensitive pieces of information are often referred to as secrets. You must have GitLab Ultimate to use this feature.",
              "isConfigured": false,
              "credentialsTypes": null
            }
          },
          {
            "connector": {
              "id": "143",
              "name": "HCL-Secrets",
              "displayName": "HCL AppScan",
              "description": "HCL AppScan is a family of application security testing and vulnerability management tools developed by HCLTech. These tools are designed to help organizations identify and address security vulnerabilities in their web applications and mobile applications.",
              "isConfigured": null,
              "credentialsTypes": null
            }
          },
          {
            "connector": {
              "id": "134",
              "name": "Semgrep-API-Secrets",
              "displayName": "Semgrep Enterprise",
              "description": "Semgrep Cloud Platform provides an API that enables you to list deployments, gather findings created by Semgrep Cloud Platform, and list projects. The API documentation uses the OpenAPI format. The API requires a Team or Enterprise tier account, with the subsequent API token provisioned in your settings.",
              "isConfigured": null,
              "credentialsTypes": null
            }
          }
        ]
      },
      {
        "family": "OpenSourceSecurity",
        "familyDisplayName": "Open Source Security",
        "connectors": [
          {
            "connector": {
              "id": "101",
              "name": "BlackDuck",
              "displayName": "Black Duck",
              "description": "Black Duck\u00ae software composition analysis (SCA) helps teams manage the security, quality, and license compliance risks that come from the use of open source and third-party code in applications and containers.",
              "isConfigured": true,
              "credentialsTypes": null
            }
          },
          {
            "connector": {
              "id": "70",
              "name": "Checkmarx-SCA",
              "displayName": "Checkmarx SCA",
              "description": "Checkmarx SCA\u2122 allows your developers to build software with confidence using a mix of custom and open source code. You need to know the libraries they\u2019re using are secure. Checkmarx SCA is the software composition analysis tool designed to do exactly that, backed by an expert research team uncovering the latest open source risks.",
              "isConfigured": false,
              "credentialsTypes": null
            }
          },
          {
            "connector": {
              "id": "29",
              "name": "Dependabot",
              "displayName": "GitHub Dependabot",
              "description": "Dependabot checks the manifest files on the default branch for outdated dependencies. If it finds outdated dependencies, it will raise pull requests against the default branch to update the dependencies.\nGitHub needs to be connected via token, IDP or app in order to enable this feature.",
              "isConfigured": false,
              "credentialsTypes": null
            }
          },
          {
            "connector": {
              "id": "27",
              "name": "Trivy-sca",
              "displayName": "Trivy",
              "description": "Trivy is a comprehensive and easy-to-use open source vulnerability scanner for container images. ... Unlike other open source scanners, Trivy covers both OS packages and language-specific dependencies and is extremely easy to integrate into organizations' software development pipelines.",
              "isConfigured": true,
              "credentialsTypes": null
            }
          },
          {
            "connector": {
              "id": "127",
              "name": "Fortify-SCA",
              "displayName": "Fortify On Demand",
              "description": "Fortify SAST tools analyze the source code of an application or software project. They scan the code to identify potential security vulnerabilities, coding errors, and other issues that could lead to security breaches.",
              "isConfigured": false,
              "credentialsTypes": null
            }
          },
          {
            "connector": {
              "id": "113",
              "name": "GitLab Dependency Scanning",
              "displayName": "GitLab Dependency Scanning",
              "description": "GitLab Dependency Scanning is a security feature available in the GitLab Security Center. It is designed to help you identify and manage known security vulnerabilities in the dependencies used in your project. Dependencies are external libraries, frameworks, or modules that your application relies on to function correctly. You must have GitLab Ultimate to use this feature.",
              "isConfigured": false,
              "credentialsTypes": null
            }
          },
          {
            "connector": {
              "id": "142",
              "name": "HCL-SCA",
              "displayName": "HCL AppScan",
              "description": "HCL AppScan is a family of application security testing and vulnerability management tools developed by HCLTech. These tools are designed to help organizations identify and address security vulnerabilities in their web applications and mobile applications.",
              "isConfigured": null,
              "credentialsTypes": null
            }
          },
          {
            "connector": {
              "id": "133",
              "name": "Semgrep-API-SCA",
              "displayName": "Semgrep Enterprise",
              "description": "Semgrep Cloud Platform provides an API that enables you to list deployments, gather findings created by Semgrep Cloud Platform, and list projects. The API documentation uses the OpenAPI format. The API requires a Team or Enterprise tier account, with the subsequent API token provisioned in your settings.",
              "isConfigured": null,
              "credentialsTypes": null
            }
          },
          {
            "connector": {
              "id": "30",
              "name": "Snyk",
              "displayName": "Snyk",
              "description": "Snyk is an open source security platform for finding out vulnerabilities in source code of an application. This works effectively in containerised applications as well. Just like an antivirus scans your device and finds out the threats ,in the same way it scans your source code and provides vulnerabilities.",
              "isConfigured": false,
              "credentialsTypes": null
            }
          },
          {
            "connector": {
              "id": "109",
              "name": "Sonatype",
              "displayName": "Sonatype",
              "description": "Use Sonatype to store and manage binaries, build artifacts, and Docker containers within your OpenShift environment.",
              "isConfigured": false,
              "credentialsTypes": [
                "UserPassword"
              ]
            }
          },
          {
            "connector": {
              "id": "71",
              "name": "Veracode-SCA",
              "displayName": "Veracode",
              "description": "Veracode performs both dynamic (automated penetration test) and static (automated code review) code analysis and finds security vulnerabilities that include malicious code as well as the absence of functionality that may lead to security breaches.",
              "isConfigured": null,
              "credentialsTypes": null
            }
          },
          {
            "connector": {
              "id": "32",
              "name": "WhiteSource",
              "displayName": "WhiteSource",
              "description": "WhiteSource automates the entire process of open source component selection, approval and management, including detection and remediation of security and compliance issues. It integrates with all stages of your software development lifecycle (SDLC) to alert in real time and help you fix issues faster and easier.",
              "isConfigured": false,
              "credentialsTypes": null
            }
          }
        ]
      },
      {
        "family": "SBOM",
        "familyDisplayName": "SBOM",
        "connectors": [
          {
            "connector": {
              "id": "85",
              "name": "Trivy-sbom",
              "displayName": "Trivy SBOM",
              "description": "Trivy is a comprehensive and easy-to-use open source vulnerability scanner for container images. ... Unlike other open source scanners, Trivy covers both OS packages and language-specific dependencies and is extremely easy to integrate into organizations' software development pipelines.",
              "isConfigured": true,
              "credentialsTypes": null
            }
          }
        ]
      },
      {
        "family": "IaC",
        "familyDisplayName": "Infrastructure as Code Scan",
        "connectors": [
          {
            "connector": {
              "id": "9",
              "name": "Checkov",
              "displayName": "Checkov",
              "description": "Prevent cloud misconfigurations during build-time for Terraform, Cloudformation, Kubernetes, Serverless framework and other infrastructure-as-code-languages with Checkov by Bridgecrew.",
              "isConfigured": true,
              "credentialsTypes": null
            }
          },
          {
            "connector": {
              "id": "140",
              "name": "Fortify-SSC-IAC",
              "displayName": "Fortify Software Security Center",
              "description": "Fortify Software Security Center by OpenText enhances software security through centralized management of vulnerabilities and integration with the SDLC. It encourages collaboration between development and security teams and supports seamless implementation with existing tools, streamlining the process of securing software applications.",
              "isConfigured": null,
              "credentialsTypes": null
            }
          },
          {
            "connector": {
              "id": "141",
              "name": "HCL-IAC",
              "displayName": "HCL AppScan",
              "description": "HCL AppScan is a family of application security testing and vulnerability management tools developed by HCLTech. These tools are designed to help organizations identify and address security vulnerabilities in their web applications and mobile applications.",
              "isConfigured": null,
              "credentialsTypes": null
            }
          },
          {
            "connector": {
              "id": "90",
              "name": "Snyk-IaC",
              "displayName": "Snyk",
              "description": "Snyk is an open source security platform for finding out vulnerabilities in source code of an application. This works effectively in containerised applications as well. Just like an antivirus scans your device and finds out the threats ,in the same way it scans your source code and provides vulnerabilities.",
              "isConfigured": null,
              "credentialsTypes": null
            }
          }
        ]
      },
      {
        "family": "CICD",
        "familyDisplayName": "CI/CD",
        "connectors": [
          {
            "connector": {
              "id": "15",
              "name": "Azure Pipelines",
              "displayName": "Azure Pipelines",
              "description": "Azure Pipelines automatically builds and tests code projects to make them available to others. It works with just about any language or project type. Azure Pipelines combines continuous integration (CI) and continuous delivery (CD) to test and build your code and ship it to any target.",
              "isConfigured": null,
              "credentialsTypes": null
            }
          },
          {
            "connector": {
              "id": "11",
              "name": "CircleCI",
              "displayName": "CircleCI",
              "description": "CircleCI is a continuous integration and delivery platform that automates development workflows and IT operations.",
              "isConfigured": false,
              "credentialsTypes": null
            }
          },
          {
            "connector": {
              "id": "82",
              "name": "DroneCI",
              "displayName": "Drone CI",
              "description": "Drone by Harness\u2122 is a modern Continuous Integration platform that empowers busy teams to automate their build, test and release workflows using a powerful, cloud native pipeline engine.",
              "isConfigured": false,
              "credentialsTypes": null
            }
          },
          {
            "connector": {
              "id": "13",
              "name": "GitHub Actions",
              "displayName": "GitHub Actions",
              "description": "GitHub, Inc. is a provider of Internet hosting for software development and version control using Git. It offers the distributed version control and source code management functionality of Git, plus its own features",
              "isConfigured": null,
              "credentialsTypes": null
            }
          },
          {
            "connector": {
              "id": "14",
              "name": "GitLab CI/CD",
              "displayName": "GitLab CI/CD",
              "description": "GitLab is a web-based DevOps lifecycle tool that provides a Git repository manager providing wiki, issue-tracking and continuous integration and deployment pipeline features, using an open-source license, developed by GitLab Inc",
              "isConfigured": null,
              "credentialsTypes": null
            }
          },
          {
            "connector": {
              "id": "10",
              "name": "Jenkins",
              "displayName": "Jenkins",
              "description": "Jenkins is an open source automation server. It helps automate the parts of software development related to building, testing, and deploying, facilitating continuous integration and continuous delivery.",
              "isConfigured": false,
              "credentialsTypes": null
            }
          },
          {
            "connector": {
              "id": "16",
              "name": "TeamCity",
              "displayName": "TeamCity",
              "description": "TeamCity is a CI server written in Java. It allows developers to integrate, code, and is easier to configure with simple steps. On TeamCity parallel builds run simultaneously on different platforms and environments.",
              "isConfigured": false,
              "credentialsTypes": null
            }
          },
          {
            "connector": {
              "id": "17",
              "name": "Travis CI",
              "displayName": "Travis CI",
              "description": "Travis CI is a hosted, distributed continuous integration service used to build and test projects hosted at GitHub. Travis CI automatically detects when a commit has been made and pushed to a GitHub repository that is using Travis CI, and each time this happens, it will try to build the project and run tests.",
              "isConfigured": false,
              "credentialsTypes": null
            }
          }
        ]
      },
      {
        "family": "Registry",
        "familyDisplayName": "Registry",
        "connectors": [
          {
            "connector": {
              "id": "87",
              "name": "Amazon ECR",
              "displayName": "Amazon ECR",
              "description": "Amazon Elastic Container Registry (ECR) is a fully-managed Docker container registry that makes it easy for developers to store, manage, and deploy Docker container images. Amazon ECR is integrated with Amazon Elastic Container Service (ECS), simplifying development to production workflow.",
              "isConfigured": null,
              "credentialsTypes": null
            }
          },
          {
            "connector": {
              "id": "103",
              "name": "Azure Container Registry",
              "displayName": "Azure Container Registry",
              "description": "Azure Container Registry (ACR) is a fully managed, private Docker container registry service provided by Microsoft Azure. It enables you to store and manage Docker container images for your applications in a private registry in Azure. ACR supports Docker images as well as Open Container Initiative (OCI) images, and can be integrated with Azure Kubernetes Service (AKS), Azure Container Instances (ACI), and other Azure services that require container registry services.",
              "isConfigured": false,
              "credentialsTypes": null
            }
          },
          {
            "connector": {
              "id": "98",
              "name": "Docker Hub",
              "displayName": "Docker Hub",
              "description": "Docker Hub is a hosted repository service provided by Docker for finding and sharing container images with your team. Key features include: Private Repositories: Push and pull container images. Automated Builds: Automatically build container images from GitHub and Bitbucket and push them to Docker Hub.",
              "isConfigured": false,
              "credentialsTypes": null
            }
          },
          {
            "connector": {
              "id": "93",
              "name": "GitLab Container Registry",
              "displayName": "GitLab Container Registry",
              "description": "GitLab Container Registry is a secure and private registry for Docker images. Built on open source software, GitLab Container Registry isn't just a standalone registry; it's completely integrated with GitLab. GitLab is all about having a single, integrated experience and our registry is no exception.",
              "isConfigured": false,
              "credentialsTypes": null
            }
          },
          {
            "connector": {
              "id": "49",
              "name": "Google Artifact Registry",
              "displayName": "Google Artifact Registry",
              "description": "Artifact Registry is a single place for organization to manage container images and language packages (such as Maven and npm). It is fully integrated with Google Cloud's tooling and runtimes and comes with support for native artifact protocols.",
              "isConfigured": false,
              "credentialsTypes": null
            }
          },
          {
            "connector": {
              "id": "94",
              "name": "Google Container Registry",
              "displayName": "Google Container Registry",
              "description": "Container Registry is a service for storing private container images. It provides a subset of features provided by Artifact Registry, a universal repository manager and the recommended service for managing container images and other artifacts in Google Cloud.",
              "isConfigured": false,
              "credentialsTypes": null
            }
          },
          {
            "connector": {
              "id": "104",
              "name": "GoHarbor Container Registry",
              "displayName": "Harbor",
              "description": "Harbor is an open source registry that secures artifacts with policies and role-based access control, ensures images are scanned and free from vulnerabilities, and signs images as trusted. Harbor, a CNCF Graduated project, delivers compliance, performance, and interoperability to help you consistently and securely manage artifacts across cloud native compute platforms like Kubernetes and Docker.",
              "isConfigured": false,
              "credentialsTypes": null
            }
          },
          {
            "connector": {
              "id": "45",
              "name": "JFrog",
              "displayName": "JFrog Artifactory",
              "description": "JFrog Artifactory is a universal DevOps solution for hosting, managing, and distributing binaries and artifacts. Any type of software in binary form \u2013 such as application installers, container images, libraries, configuration files, etc. \u2013 can be curated, secured, stored, and delivered using Artifactory.",
              "isConfigured": false,
              "credentialsTypes": null
            }
          },
          {
            "connector": {
              "id": "46",
              "name": "Nexus Container Registry",
              "displayName": "Nexus Container Registry",
              "description": "Nexus is a repository manager. It allows you to proxy, collect, and manage your dependencies so that you are not constantly juggling a collection of JARs. It makes it easy to distribute your software. Internally, you configure your build to publish artifacts to Nexus and they then become available to other developers.",
              "isConfigured": false,
              "credentialsTypes": null
            }
          }
        ]
      },
      {
        "family": "ContainerSecurity",
        "familyDisplayName": "Container Security",
        "connectors": [
          {
            "connector": {
              "id": "76",
              "name": "Trivy-container",
              "displayName": "Trivy",
              "description": "Trivy is a comprehensive and easy-to-use open source vulnerability scanner for container images. ... Unlike other open source scanners, Trivy covers both OS packages and language-specific dependencies and is extremely easy to integrate into organizations' software development pipelines.",
              "isConfigured": true,
              "credentialsTypes": null
            }
          },
          {
            "connector": {
              "id": "84",
              "name": "PAN: Prisma Cloud - Containers",
              "displayName": "PAN: Prisma Cloud - Containers",
              "description": "Prisma Cloud is a cloud native security platform that provides comprehensive visibility, threat prevention, compliance assurance and data protection consistently across the entire lifecycle of software and infrastructure delivery for an organization in hybrid, multi-cloud environments.",
              "isConfigured": false,
              "credentialsTypes": null
            }
          },
          {
            "connector": {
              "id": "88",
              "name": "Snyk-container",
              "displayName": "Snyk",
              "description": "Snyk is an open source security platform for finding out vulnerabilities in source code of an application. This works effectively in containerised applications as well. Just like an antivirus scans your device and finds out the threats ,in the same way it scans your source code and provides vulnerabilities.",
              "isConfigured": null,
              "credentialsTypes": null
            }
          }
        ]
      },
      {
        "family": "Kubernetes",
        "familyDisplayName": "Kubernetes",
        "connectors": [
          {
            "connector": {
              "id": "119",
              "name": "AWS EKS",
              "displayName": "EKS",
              "description": "Amazon Elastic Kubernetes Service (Amazon EKS) is a managed Kubernetes service to run Kubernetes in the AWS cloud and on-premises data centers. In the cloud, Amazon EKS automatically manages the availability and scalability of the Kubernetes control plane nodes responsible for scheduling containers, managing application availability, storing cluster data, and other key tasks.",
              "isConfigured": false,
              "credentialsTypes": [
                "AWSEKSDirect",
                "AWSEKS",
                "AWSEKSPrivateLink"
              ]
            }
          }
        ]
      },
      {
        "family": "CloudDeployment",
        "familyDisplayName": "Cloud Deployment",
        "connectors": [
          {
            "connector": {
              "id": "51",
              "name": "AWS",
              "displayName": "AWS",
              "description": "AWS (Amazon Web Services) is a comprehensive, evolving cloud computing platform provided by Amazon that includes a mixture of infrastructure as a service (IaaS), platform as a service (PaaS) and packaged software as a service (SaaS) offerings.",
              "isConfigured": false,
              "credentialsTypes": [
                "AWSAssumeRoleCloudFormation",
                "AWSAssumeRole",
                "AWSOrganizationConnection"
              ]
            }
          },
          {
            "connector": {
              "id": "52",
              "name": "Azure Cloud",
              "displayName": "Azure",
              "description": "What is Azure? At its core, Azure is a public cloud computing platform\u2014with solutions including Infrastructure as a Service (IaaS), Platform as a Service (PaaS), and Software as a Service (SaaS) that can be used for services such as analytics, virtual computing, storage, networking, and much more.",
              "isConfigured": false,
              "credentialsTypes": [
                "AzureCloud"
              ]
            }
          },
          {
            "connector": {
              "id": "53",
              "name": "GCP",
              "displayName": "GCP",
              "description": "Google Cloud Platform is a suite of public cloud computing services offered by Google. Google Cloud Platform services can be accessed by software developers, cloud administrators and other enterprise IT professionals over the public internet or through a dedicated network connection.",
              "isConfigured": false,
              "credentialsTypes": null
            }
          }
        ]
      },
      {
        "family": "DynamicApplicationSecurityTesting",
        "familyDisplayName": "Dynamic App Security",
        "connectors": [
          {
            "connector": {
              "id": "125",
              "name": "HCL-DAST",
              "displayName": "HCL AppScan",
              "description": "HCL AppScan is a family of application security testing and vulnerability management tools developed by HCLTech. These tools are designed to help organizations identify and address security vulnerabilities in their web applications and mobile applications.",
              "isConfigured": null,
              "credentialsTypes": null
            }
          }
        ]
      },
      {
        "family": "CloudSecurity",
        "familyDisplayName": "Cloud Context",
        "connectors": [
          {
            "connector": {
              "id": "81",
              "name": "Prowler",
              "displayName": "Prowler",
              "description": "Prowler is a security tool to perform AWS security best practices assessments, audits, incident response, continuous monitoring, hardening and forensics readiness. It contains more than 200 controls covering CIS, ISO27001, GDPR, HIPAA, SOC2, ENS and other security frameworks.",
              "isConfigured": true,
              "credentialsTypes": null
            }
          },
          {
            "connector": {
              "id": "55",
              "name": "Orca",
              "displayName": "Orca",
              "description": "The Orca platform is a SaaS-based, cloud-native application protection platform (CNAPP). Orca is a pioneer in the CNAPP market, having been the first agentless cloud security vendor to build CSPM, CWPP, and vulnerability management capabilities into its platform from the ground up.",
              "isConfigured": false,
              "credentialsTypes": null
            }
          },
          {
            "connector": {
              "id": "57",
              "name": "PAN: Prisma Cloud",
              "displayName": "PAN: Prisma Cloud - CSPM",
              "description": "Prisma Cloud is a cloud native security platform that provides comprehensive visibility, threat prevention, compliance assurance and data protection consistently across the entire lifecycle of software and infrastructure delivery for an organization in hybrid, multi-cloud environments.",
              "isConfigured": false,
              "credentialsTypes": null
            }
          },
          {
            "connector": {
              "id": "56",
              "name": "Wiz",
              "displayName": "Wiz",
              "description": "Organizations use Wiz to rapidly identify and remove the most critical risks in AWS, Azure, GCP, and Kubernetes so they can build faster and more securely.",
              "isConfigured": true,
              "credentialsTypes": null
            }
          },
          {
            "connector": {
              "id": "114",
              "name": "Microsoft Defender for Cloud",
              "displayName": "Microsoft Defender for Cloud",
              "description": "Microsoft Defender for Cloud is a unified cloud-native application protection platform that helps strengthen your security posture, enables protection against modern threats, and helps reduce risk throughout the cloud application lifecycle across multicloud and hybrid environments.",
              "isConfigured": false,
              "credentialsTypes": null
            }
          }
        ]
      },
      {
        "family": "APIs",
        "familyDisplayName": "APIs",
        "connectors": [
          {
            "connector": {
              "id": "44",
              "name": "Swagger",
              "displayName": "Swagger",
              "description": "Swagger is a set of rules (in other words, a specification) for a format describing REST APIs. As a result, it can be used to share documentation among product managers, testers and developers, but can also be used by various tools to automate API-related processes.",
              "isConfigured": false,
              "credentialsTypes": null
            }
          }
        ]
      },
      {
        "family": "AiAppSecAdvisor",
        "familyDisplayName": "AI AppSec Advisor",
        "connectors": [
          {
            "connector": {
              "id": "110",
              "name": "ChatGPT",
              "displayName": "ChatGPT",
              "description": "ChatGPT is an artificial intelligence chatbot developed by OpenAI and launched on November 30, 2022. It is notable for enabling users to refine and steer a conversation towards a desired length, format, style, level of detail, and language used.",
              "isConfigured": false,
              "credentialsTypes": null
            }
          }
        ]
      },
      {
        "family": "TicketManagement",
        "familyDisplayName": "Ticket Management",
        "connectors": [
          {
            "connector": {
              "id": "145",
              "name": "Asana",
              "displayName": "Asana",
              "description": "Asana is a web and mobile application designed to help teams organize, track, and manage their work. It offers a variety of features to streamline workflows, increase productivity, and improve collaboration within teams",
              "isConfigured": false,
              "credentialsTypes": null
            }
          },
          {
            "connector": {
              "id": "137",
              "name": "AzureBoards",
              "displayName": "Azure Boards",
              "description": "Azure Boards is a web-based service within the Microsoft Azure DevOps platform that helps development teams plan, track, and discuss their work throughout the software development lifecycle.",
              "isConfigured": false,
              "credentialsTypes": null
            }
          },
          {
            "connector": {
              "id": "4",
              "name": "Jira",
              "displayName": "Jira",
              "description": "Jira is a proprietary issue tracking product developed by Atlassian that allows bug tracking and agile project management.",
              "isConfigured": false,
              "credentialsTypes": null
            }
          }
        ]
      },
      {
        "family": "DevAlerts",
        "familyDisplayName": "Dev Alerts",
        "connectors": [
          {
            "connector": {
              "id": "97",
              "name": "Slack",
              "displayName": "Slack",
              "description": "Slack is a messaging app for business that connects people to the information they need. By bringing people together to work as one unified team, Slack transforms the way organizations communicate.",
              "isConfigured": false,
              "credentialsTypes": [
                "IdentityProvider",
                "Token"
              ]
            }
          }
        ]
      },
      {
        "family": "SecurityLogs",
        "familyDisplayName": "Security Logs",
        "connectors": [
          {
            "connector": {
              "id": "92",
              "name": "Logz.io",
              "displayName": "Logz.io",
              "description": "Logz.io has open-source monitoring tools on a fully managed cloud service. One unified SaaS platform to collect and analyze logs, metrics, and traces, plus human-powered AI/ML features to improve troubleshooting, reduce response time, and help manage costs.",
              "isConfigured": false,
              "credentialsTypes": null
            }
          },
          {
            "connector": {
              "id": "68",
              "name": "Splunk",
              "displayName": "Splunk",
              "description": "Splunk Enterprise is a data platform designed to help businesses manage big data and analyze machine data. Splunk Enterprise is typically deployed on-premises or in a private cloud, while Splunk Cloud is a fully managed cloud-based offering provided by Splunk.",
              "isConfigured": false,
              "credentialsTypes": null
            }
          }
        ]
      },
      {
        "family": "Automation",
        "familyDisplayName": "Automation",
        "connectors": [
          {
            "connector": {
              "id": "144",
              "name": "Zapier",
              "displayName": "Zapier",
              "description": "Zapier is a web automation tool used to connect web apps and services. It's used to automate and streamline your online workflows without coding, whether automating things like social media, project management, note-taking, email, or meetings.",
              "isConfigured": false,
              "credentialsTypes": null
            }
          }
        ]
      }
    ]
  }
}