{
  "data": {
    "getSingleIssueInfo": {
      "id": "6700bb553d5d21b54cadddad",
      "issueId": "3751-oxPolicy_securityScan_120-ts-loader_9.5.1",
      "sbom": {
        "id": "6700bb523d5d21b54cadb186",
        "libId": "npm|ts-loader|9.5.1",
        "license": "MIT",
        "appName": "Asset Generic Ingestion Lambdas",
        "dependencyType": "Development",
        "pkgName": "ts-loader",
        "libraryName": "ts-loader",
        "libraryVersion": "9.5.1",
        "packageManager": "npm"
      },
      "scaVulnerabilities": [
        {
          "cve": "CVE-2024-43788",
          "cveLink": "https://nvd.nist.gov/vuln/detail/CVE-2024-43788",
          "cvsVer": "6.1",
          "libName": "webpack",
          "libVersion": "5.91.0",
          "exploitInTheWildLink": "https://github.com/webpack/webpack/security/advisories/GHSA-4vvj-4cpr-p986",
          "dateDiscovered": "Tue Aug 27 2024",
          "minorVerWithFix": "5.94.0",
          "majorVerWithFix": "Not Available",
          "originalSeverity": "Medium"
        }
      ]
    }
  }
}